"","ARID2_WT_Rep1","ARID2_WT_Rep2","ARID2_KO_Rep1","ARID2_KO_Rep2"
"ENSG00000006837.12",25,22,13,13
"ENSG00000011083.9",0,0,3,0
"ENSG00000013561.18",1555,1200,1234,1631
"ENSG00000015479.20",16775,10968,8897,14413
"ENSG00000016082.15",98,78,45,80
"ENSG00000019582.15",7639,8764,16656,22266
"ENSG00000022355.18",3,3,0,0
"ENSG00000027847.14",222,248,184,254
"ENSG00000028310.18",1840,2215,1695,2077
"ENSG00000031003.10",1397,1047,927,1283
"ENSG00000035499.13",1664,1294,979,1438
"ENSG00000037241.7",741,662,477,823
"ENSG00000037280.16",15,37,6,13
"ENSG00000037474.15",6976,6251,4273,6579
"ENSG00000037749.12",1869,1353,1280,1635
"ENSG00000038274.17",2202,1793,1258,1857
"ENSG00000038382.20",12727,12397,9348,11366
"ENSG00000038427.16",8207,7650,3504,4697
"ENSG00000039123.16",5626,4606,3334,4894
"ENSG00000039139.9",88,102,49,63
"ENSG00000039319.17",2224,1758,1351,1817
"ENSG00000039537.14",0,0,0,0
"ENSG00000039560.14",5713,4538,3550,5530
"ENSG00000039600.11",0,0,0,2
"ENSG00000040275.17",3985,2770,1625,2400
"ENSG00000040731.10",20,20,6,13
"ENSG00000043143.20",930,914,1275,1707
"ENSG00000043462.13",0,0,0,0
"ENSG00000044115.21",12819,12291,10246,15270
"ENSG00000047188.16",1954,1694,1323,1823
"ENSG00000048140.18",738,761,818,1004
"ENSG00000048162.21",1808,1757,1385,1886
"ENSG00000049167.15",838,578,467,641
"ENSG00000049192.15",2533,2283,1149,1667
"ENSG00000049656.14",4358,4353,3761,4910
"ENSG00000049860.14",5044,3194,2988,4267
"ENSG00000049883.15",746,788,577,675
"ENSG00000050748.18",1451,1278,1035,1432
"ENSG00000050767.17",0,0,0,0
"ENSG00000051596.10",824,631,508,649
"ENSG00000053108.17",0,0,0,0
"ENSG00000055147.19",735,604,583,882
"ENSG00000055163.20",2377,2242,1793,2590
"ENSG00000056097.16",6637,5483,4319,6604
"ENSG00000058729.11",1309,934,740,1085
"ENSG00000061455.11",27,20,7,12
"ENSG00000061492.12",0,0,0,0
"ENSG00000062194.16",2520,1890,1505,2277
"ENSG00000063438.19",724,746,1256,1537
"ENSG00000064651.14",2293,1665,1507,2050
"ENSG00000064652.11",966,837,681,1061
"ENSG00000064692.20",18,8,0,1
"ENSG00000066230.12",25,56,79,57
"ENSG00000066583.12",819,710,370,633
"ENSG00000067113.17",165,169,140,202
"ENSG00000067248.10",2397,1955,1629,2419
"ENSG00000068796.19",4347,3587,2204,3313
"ENSG00000069011.16",24,28,22,29
"ENSG00000069018.19",0,0,0,0
"ENSG00000069020.18",513,564,621,854
"ENSG00000070193.5",0,0,0,0
"ENSG00000070614.15",5054,5023,4783,6076
"ENSG00000070808.16",0,0,0,1
"ENSG00000070814.22",5828,6201,3736,5327
"ENSG00000071539.14",3510,2726,1966,2967
"ENSG00000072364.13",5731,4882,3551,5118
"ENSG00000072571.20",3381,2321,1521,2431
"ENSG00000072682.19",614,562,600,827
"ENSG00000072786.13",1167,1372,1053,1443
"ENSG00000072803.17",3916,3331,2525,3581
"ENSG00000073578.17",2118,2014,1541,2099
"ENSG00000074276.10",0,0,0,0
"ENSG00000074317.11",3,13,36,51
"ENSG00000078295.17",0,1,1,2
"ENSG00000078795.17",0,0,0,0
"ENSG00000079215.14",699,473,449,659
"ENSG00000080709.16",46,46,39,77
"ENSG00000081059.20",0,0,0,0
"ENSG00000081189.16",164,150,273,413
"ENSG00000081791.9",979,1209,1079,1168
"ENSG00000081818.4",61,52,66,107
"ENSG00000081842.18",8,23,5,5
"ENSG00000081853.15",4,3,11,9
"ENSG00000082068.9",1094,976,697,1072
"ENSG00000082074.19",74,100,258,343
"ENSG00000082196.21",49,50,45,38
"ENSG00000082213.18",2391,1743,1312,2006
"ENSG00000082515.18",672,607,405,591
"ENSG00000082516.9",2552,2140,1277,1747
"ENSG00000083312.17",15040,10554,7256,10911
"ENSG00000083720.13",2592,1975,1357,1932
"ENSG00000085231.14",736,484,343,590
"ENSG00000085365.18",2238,1527,1407,2071
"ENSG00000086189.10",1308,1054,878,1378
"ENSG00000086200.17",2148,1648,1155,1803
"ENSG00000086570.12",0,0,0,0
"ENSG00000086589.12",2443,2001,1544,2218
"ENSG00000087116.16",5,7,2,2
"ENSG00000087206.17",1073,997,702,1032
"ENSG00000091009.8",2522,2079,1409,2337
"ENSG00000091010.6",3,4,3,5
"ENSG00000092421.17",41,27,21,41
"ENSG00000094755.17",0,0,0,0
"ENSG00000094880.11",2084,1708,1153,1853
"ENSG00000095015.6",795,639,494,619
"ENSG00000112851.15",10297,7872,6209,9073
"ENSG00000112852.7",119,81,190,221
"ENSG00000112855.17",1478,1440,1230,1654
"ENSG00000112874.10",369,298,316,413
"ENSG00000112877.8",172,260,150,208
"ENSG00000112893.9",3090,2243,1610,2224
"ENSG00000112902.12",19,16,20,32
"ENSG00000112936.19",0,0,0,0
"ENSG00000112941.14",1713,1546,1156,1480
"ENSG00000112964.14",312,230,238,351
"ENSG00000112972.15",4223,3175,2182,3369
"ENSG00000112977.16",7355,7045,5719,8499
"ENSG00000112981.5",0,5,1,1
"ENSG00000112983.18",1823,1716,1406,1846
"ENSG00000112984.12",4362,3450,2667,3679
"ENSG00000112992.18",2434,2153,1923,2636
"ENSG00000112996.11",2271,1599,1176,1770
"ENSG00000113013.16",15770,13576,9839,14846
"ENSG00000113048.17",3913,3377,2530,3799
"ENSG00000113068.10",2375,2114,1525,2347
"ENSG00000113070.8",1583,1369,639,902
"ENSG00000113073.15",0,1,0,0
"ENSG00000113083.15",598,463,169,253
"ENSG00000113088.6",0,0,0,0
"ENSG00000113100.10",0,0,0,0
"ENSG00000113108.19",118,239,234,228
"ENSG00000113119.13",186,242,157,170
"ENSG00000113140.11",18325,15984,20916,28587
"ENSG00000113141.18",4338,4045,3032,4487
"ENSG00000113161.16",5448,3937,2990,4001
"ENSG00000113163.18",1134,901,702,985
"ENSG00000113194.13",4241,3504,2891,4213
"ENSG00000113196.3",0,0,0,0
"ENSG00000113205.5",20,14,30,37
"ENSG00000113209.9",4,1,1,0
"ENSG00000113211.5",11,6,1,1
"ENSG00000113212.7",46,29,39,59
"ENSG00000113231.14",0,0,10,13
"ENSG00000113240.13",313,211,230,294
"ENSG00000113248.6",14,27,11,9
"ENSG00000113249.13",0,0,0,0
"ENSG00000113262.16",0,0,0,0
"ENSG00000113263.13",19,12,3,7
"ENSG00000113269.14",1025,1082,838,1258
"ENSG00000113272.14",556,448,370,499
"ENSG00000113273.17",1323,1076,986,1366
"ENSG00000113282.14",5209,4278,3157,4668
"ENSG00000113296.14",2,6,3,9
"ENSG00000113300.13",2267,1740,1487,2058
"ENSG00000113302.5",0,0,1,0
"ENSG00000113303.12",5,2,3,6
"ENSG00000113312.11",3306,2538,1835,2845
"ENSG00000113318.11",1120,848,654,984
"ENSG00000113319.13",8,3,7,4
"ENSG00000113327.17",1,1,0,1
"ENSG00000113328.19",6100,4197,3159,5171
"ENSG00000113356.13",2639,1738,1402,2343
"ENSG00000113360.16",4101,3683,2739,3884
"ENSG00000113361.13",66,55,18,18
"ENSG00000113368.12",6415,5587,3792,5655
"ENSG00000113369.9",1061,922,730,952
"ENSG00000113384.14",2339,1961,1472,2204
"ENSG00000113387.12",4403,3352,2333,3994
"ENSG00000113389.16",17,4,4,3
"ENSG00000113391.19",1402,1082,913,1444
"ENSG00000113396.13",43,44,0,1
"ENSG00000113407.14",13484,12062,7794,11942
"ENSG00000113430.10",0,0,0,0
"ENSG00000113441.16",1611,1232,1177,1623
"ENSG00000113448.19",1159,944,1009,1530
"ENSG00000113456.19",1941,1770,1146,1902
"ENSG00000113460.13",3493,2933,1843,3010
"ENSG00000113492.14",0,0,0,0
"ENSG00000113494.17",5,0,0,0
"ENSG00000113504.21",370,435,175,161
"ENSG00000113520.11",0,0,0,0
"ENSG00000113522.14",854,625,393,496
"ENSG00000113525.10",0,0,0,0
"ENSG00000113532.13",120,80,68,96
"ENSG00000113552.16",2539,1952,1725,2457
"ENSG00000113555.6",0,2,1,0
"ENSG00000113558.19",5639,4581,3191,5025
"ENSG00000113569.16",8174,6529,4207,5867
"ENSG00000113575.10",7088,5423,3850,6072
"ENSG00000113578.18",329,232,93,157
"ENSG00000113580.15",3910,2884,3295,4774
"ENSG00000113583.8",3080,2070,1930,2862
"ENSG00000113593.12",1499,1215,890,1186
"ENSG00000113594.10",603,381,495,692
"ENSG00000113595.15",661,466,391,669
"ENSG00000113597.18",754,572,390,547
"ENSG00000113600.11",1,2,0,1
"ENSG00000113615.13",2397,1864,1612,2237
"ENSG00000113621.15",906,778,675,982
"ENSG00000113638.14",746,523,485,736
"ENSG00000113643.9",7879,6162,4693,7267
"ENSG00000113645.15",1036,1003,966,1284
"ENSG00000113648.16",7905,7834,5614,7849
"ENSG00000113649.11",5237,4463,3026,4577
"ENSG00000113657.13",3563,3318,2491,3780
"ENSG00000113658.18",3281,2418,1865,2534
"ENSG00000113712.19",11993,9697,7221,11352
"ENSG00000113716.13",1693,1821,1755,2060
"ENSG00000113719.16",2593,2707,2528,3546
"ENSG00000113721.14",7,4,11,5
"ENSG00000113722.17",0,0,0,0
"ENSG00000113732.9",1475,1272,1094,1408
"ENSG00000113734.18",360,296,230,339
"ENSG00000113739.10",4771,4151,3779,5117
"ENSG00000113742.14",1399,941,919,1299
"ENSG00000113749.7",0,0,0,0
"ENSG00000113758.13",2701,3468,2245,3022
"ENSG00000113761.12",553,447,448,605
"ENSG00000113763.12",4,5,3,2
"ENSG00000118322.14",10,11,0,0
"ENSG00000118985.16",4530,3170,3225,4873
"ENSG00000118990.5",0,0,0,0
"ENSG00000119048.8",1166,958,706,1074
"ENSG00000120129.6",272,226,441,470
"ENSG00000120137.7",14491,10317,6701,9541
"ENSG00000120149.9",72,48,48,54
"ENSG00000120306.11",376,315,225,302
"ENSG00000120314.18",1579,1821,1317,1691
"ENSG00000120318.16",991,1198,974,1163
"ENSG00000120322.4",13,11,14,28
"ENSG00000120324.9",72,50,72,108
"ENSG00000120327.6",106,93,154,210
"ENSG00000120328.6",97,79,43,59
"ENSG00000120329.7",1,1,0,0
"ENSG00000120705.13",13226,10837,7371,11055
"ENSG00000120708.17",23414,22741,21468,28265
"ENSG00000120709.11",1549,1586,1226,1587
"ENSG00000120725.13",114,128,110,113
"ENSG00000120727.13",2797,2384,1671,2732
"ENSG00000120729.10",0,0,0,0
"ENSG00000120733.14",2241,2205,1819,2390
"ENSG00000120738.8",75,74,196,274
"ENSG00000122008.15",1590,1180,1052,1547
"ENSG00000122012.14",0,0,0,0
"ENSG00000122203.15",2680,2393,1592,2270
"ENSG00000123213.23",1728,1334,1039,1508
"ENSG00000123219.13",1455,973,718,1153
"ENSG00000123643.13",535,478,534,621
"ENSG00000124275.15",2166,1792,1281,1898
"ENSG00000124279.12",950,677,478,648
"ENSG00000125347.14",323,353,377,504
"ENSG00000127022.15",26078,18414,16533,24466
"ENSG00000127184.13",4090,3636,2619,3957
"ENSG00000127743.6",0,0,0,0
"ENSG00000129595.14",64,76,5,14
"ENSG00000129596.5",120,141,98,143
"ENSG00000129625.13",2950,2014,1889,2872
"ENSG00000130449.6",1335,1262,891,1306
"ENSG00000131183.11",0,0,0,0
"ENSG00000131187.10",3,9,12,15
"ENSG00000131188.12",71,112,96,106
"ENSG00000131435.13",307,453,388,625
"ENSG00000131437.16",684,608,538,781
"ENSG00000131446.17",1245,1366,1374,1700
"ENSG00000131459.13",171,242,254,358
"ENSG00000131495.9",488,532,470,593
"ENSG00000131503.21",2685,2757,2306,2885
"ENSG00000131504.17",10212,8985,6210,8476
"ENSG00000131507.11",2008,1419,1232,1777
"ENSG00000131508.16",2633,1957,1327,2030
"ENSG00000131711.15",13130,12561,7894,11437
"ENSG00000131730.16",0,0,0,0
"ENSG00000131732.12",1214,967,828,1164
"ENSG00000131844.16",2953,2587,1901,2557
"ENSG00000132356.11",4371,3322,2591,3810
"ENSG00000132357.14",112,98,78,136
"ENSG00000132563.16",63,102,79,148
"ENSG00000132570.15",313,258,209,304
"ENSG00000132837.15",1,1,3,1
"ENSG00000132840.10",0,0,0,0
"ENSG00000132842.14",3343,2714,2117,3306
"ENSG00000132846.6",1438,1315,833,1125
"ENSG00000132911.5",2,3,0,0
"ENSG00000132912.13",3442,2561,2066,3082
"ENSG00000132915.11",4,3,9,9
"ENSG00000133302.13",1297,944,628,953
"ENSG00000133398.4",1145,979,692,1080
"ENSG00000133401.16",36,47,8,12
"ENSG00000133706.19",8883,7700,5783,8037
"ENSG00000133710.16",0,0,0,0
"ENSG00000133835.17",3043,2561,2262,3449
"ENSG00000134056.12",719,487,368,594
"ENSG00000134057.15",6972,5644,4133,6005
"ENSG00000134058.12",1223,1031,726,1164
"ENSG00000134061.5",1,0,2,0
"ENSG00000134352.20",7646,5489,4183,6171
"ENSG00000134363.12",315,220,115,176
"ENSG00000134480.16",1618,1296,776,1176
"ENSG00000134516.18",17,14,6,6
"ENSG00000134970.14",6373,3868,3179,5171
"ENSG00000134982.17",4368,3464,3483,4945
"ENSG00000134986.14",1106,936,1764,2405
"ENSG00000134987.11",4216,3162,2350,3167
"ENSG00000135074.16",1572,1634,2224,2913
"ENSG00000135077.9",5,1,1,0
"ENSG00000135083.16",821,782,661,937
"ENSG00000138829.12",3936,3586,938,1268
"ENSG00000142319.18",0,0,1,0
"ENSG00000145491.12",0,3,0,6
"ENSG00000145494.12",858,1058,707,1060
"ENSG00000145495.16",7554,6504,5107,6338
"ENSG00000145506.14",0,0,0,0
"ENSG00000145526.12",15,8,10,13
"ENSG00000145536.15",290,269,295,349
"ENSG00000145545.12",942,765,561,689
"ENSG00000145555.15",450,436,712,1003
"ENSG00000145569.6",314,263,114,187
"ENSG00000145592.14",18744,17700,12649,17982
"ENSG00000145604.17",5091,3936,2782,3919
"ENSG00000145623.13",2649,2198,2096,2822
"ENSG00000145626.12",0,0,0,0
"ENSG00000145632.15",6497,5304,3170,4315
"ENSG00000145642.12",2,1,0,0
"ENSG00000145649.8",0,0,0,0
"ENSG00000145675.15",1597,1387,1033,1414
"ENSG00000145681.11",0,0,0,0
"ENSG00000145685.14",1979,1819,1739,2457
"ENSG00000145687.16",151,106,68,103
"ENSG00000145692.15",0,1,3,1
"ENSG00000145700.10",13,3,4,3
"ENSG00000145703.16",30,21,10,9
"ENSG00000145708.11",4,2,13,12
"ENSG00000145715.15",2413,2123,1858,2760
"ENSG00000145721.12",0,0,0,1
"ENSG00000145723.17",208,162,116,195
"ENSG00000145725.20",2472,1755,1427,2146
"ENSG00000145730.20",3336,2985,3075,4453
"ENSG00000145734.19",3996,3318,2863,4030
"ENSG00000145736.14",759,702,541,698
"ENSG00000145740.19",2704,2156,1685,2458
"ENSG00000145741.16",18305,16169,10877,17429
"ENSG00000145743.17",988,787,741,1084
"ENSG00000145757.16",16,5,5,4
"ENSG00000145777.15",42,28,2,6
"ENSG00000145779.8",386,344,180,288
"ENSG00000145780.8",2376,1630,918,1355
"ENSG00000145781.9",833,566,431,609
"ENSG00000145782.13",2566,1993,1460,2184
"ENSG00000145794.17",3,5,3,2
"ENSG00000145808.10",14,13,0,0
"ENSG00000145817.17",1515,1193,1007,1498
"ENSG00000145819.18",269,238,339,455
"ENSG00000145824.13",5,0,2,3
"ENSG00000145826.9",0,0,0,0
"ENSG00000145832.14",0,0,0,0
"ENSG00000145833.16",7739,6163,4642,6846
"ENSG00000145839.2",0,0,0,0
"ENSG00000145850.9",0,0,0,0
"ENSG00000145860.12",2849,2196,2579,3508
"ENSG00000145861.9",8,15,2,3
"ENSG00000145863.11",7,5,0,0
"ENSG00000145864.14",116,99,2,6
"ENSG00000145868.17",1779,1664,1398,1842
"ENSG00000145879.11",0,0,0,0
"ENSG00000145882.11",51,52,86,123
"ENSG00000145888.11",0,0,0,0
"ENSG00000145901.16",1751,2087,1601,2209
"ENSG00000145907.16",20595,16474,11594,17621
"ENSG00000145908.12",502,462,190,266
"ENSG00000145911.6",2,5,0,0
"ENSG00000145912.9",1538,1665,1311,1915
"ENSG00000145916.19",460,496,364,445
"ENSG00000145919.11",1102,1024,862,1238
"ENSG00000145920.15",0,0,0,0
"ENSG00000145934.16",51,56,16,16
"ENSG00000145936.9",0,0,0,1
"ENSG00000146001.5",1,1,4,1
"ENSG00000146005.4",0,1,2,0
"ENSG00000146006.8",138,83,92,147
"ENSG00000146007.11",2472,1964,1430,2110
"ENSG00000146013.11",0,0,0,1
"ENSG00000146021.15",6,5,1,4
"ENSG00000146054.18",138,133,115,141
"ENSG00000146063.20",767,1003,893,1058
"ENSG00000146066.3",530,504,392,518
"ENSG00000146067.16",260,369,344,340
"ENSG00000146083.12",899,1039,833,964
"ENSG00000146090.16",3,0,1,7
"ENSG00000146094.15",90,185,133,126
"ENSG00000150712.11",1532,1339,1054,1634
"ENSG00000150753.12",24916,22799,15851,23403
"ENSG00000150756.14",444,355,251,335
"ENSG00000151292.17",2892,2141,1754,2709
"ENSG00000151304.6",1278,913,669,1031
"ENSG00000151388.11",1239,1109,1139,1539
"ENSG00000151422.13",3183,2466,2031,2981
"ENSG00000151876.13",203,197,145,176
"ENSG00000151881.15",494,380,256,412
"ENSG00000151882.11",336,259,241,394
"ENSG00000151883.19",1096,920,918,1265
"ENSG00000152348.16",153,123,75,132
"ENSG00000152359.15",645,457,395,511
"ENSG00000152377.14",3051,2067,4545,6293
"ENSG00000152380.10",17,16,16,31
"ENSG00000152409.9",1254,1024,871,1184
"ENSG00000152413.15",917,664,591,848
"ENSG00000152422.16",592,425,301,493
"ENSG00000152495.11",2321,1745,1396,2135
"ENSG00000152503.10",248,225,57,106
"ENSG00000152582.14",94,88,54,93
"ENSG00000152611.12",3,0,0,0
"ENSG00000152620.13",789,594,419,614
"ENSG00000152669.9",24,21,13,22
"ENSG00000152670.19",0,0,0,0
"ENSG00000152684.11",1006,912,755,964
"ENSG00000152700.14",1835,1460,1247,1783
"ENSG00000152705.8",3,5,2,7
"ENSG00000152931.9",0,0,0,0
"ENSG00000152932.8",0,1,1,1
"ENSG00000152939.17",15,11,9,5
"ENSG00000152942.19",1342,1157,876,1301
"ENSG00000153006.16",2091,1450,1066,1613
"ENSG00000153015.16",1497,1160,879,1350
"ENSG00000153037.15",1970,1789,1221,1959
"ENSG00000153044.10",835,717,352,592
"ENSG00000153071.15",1330,1184,1236,1841
"ENSG00000153113.24",8155,6702,4938,7621
"ENSG00000153140.9",597,422,300,548
"ENSG00000153347.10",0,0,0,0
"ENSG00000153395.10",1570,1381,1322,1863
"ENSG00000153404.14",25,25,106,148
"ENSG00000153914.16",3695,3597,2626,3384
"ENSG00000153922.11",6560,4973,3324,4781
"ENSG00000154122.14",2348,2254,2101,2735
"ENSG00000154124.5",1644,1464,1142,1527
"ENSG00000154153.13",225,148,74,126
"ENSG00000154162.15",0,0,0,1
"ENSG00000155324.10",40,59,42,61
"ENSG00000155329.12",639,446,333,478
"ENSG00000155506.18",11054,11226,7299,9943
"ENSG00000155508.14",1670,1189,997,1394
"ENSG00000155511.18",0,1,0,0
"ENSG00000155542.12",255,192,191,216
"ENSG00000155545.20",1427,1029,828,1090
"ENSG00000155846.17",422,381,302,379
"ENSG00000155850.8",2768,2327,4201,5881
"ENSG00000155858.6",491,442,260,356
"ENSG00000155868.8",426,305,186,333
"ENSG00000156427.8",0,2,2,8
"ENSG00000156453.14",229,296,473,631
"ENSG00000156463.18",731,602,363,472
"ENSG00000156475.18",15,13,0,1
"ENSG00000157107.14",780,541,458,696
"ENSG00000157111.13",27,25,27,36
"ENSG00000157510.14",454,400,267,356
"ENSG00000158402.20",584,535,406,569
"ENSG00000158458.21",15,43,107,126
"ENSG00000158497.5",0,0,0,0
"ENSG00000158985.14",1096,827,614,894
"ENSG00000158987.22",1583,1249,968,1456
"ENSG00000160867.15",186,229,132,162
"ENSG00000160883.11",0,0,0,1
"ENSG00000161010.15",202,334,276,278
"ENSG00000161011.20",4038,4485,3946,5078
"ENSG00000161013.17",1677,2055,1637,1997
"ENSG00000161021.13",1674,1661,1452,1897
"ENSG00000161055.4",0,0,0,0
"ENSG00000162685.6",0,0,0,0
"ENSG00000164151.12",5480,4511,3716,5453
"ENSG00000164171.11",2311,1724,2172,3031
"ENSG00000164172.20",1590,1253,1022,1568
"ENSG00000164175.15",7,3,1,1
"ENSG00000164176.13",214,215,56,92
"ENSG00000164180.14",1506,1225,1128,1469
"ENSG00000164181.14",498,394,309,421
"ENSG00000164182.12",451,365,249,361
"ENSG00000164185.6",0,5,14,6
"ENSG00000164187.7",1242,883,743,1037
"ENSG00000164188.9",0,1,0,4
"ENSG00000164190.19",5775,4595,3787,5166
"ENSG00000164197.12",183,122,51,69
"ENSG00000164199.18",140,128,62,75
"ENSG00000164209.17",3512,2509,1800,2860
"ENSG00000164211.13",2474,1645,1341,2135
"ENSG00000164219.10",1306,1026,836,1336
"ENSG00000164220.7",44,36,38,58
"ENSG00000164221.13",599,458,231,415
"ENSG00000164236.12",557,508,279,430
"ENSG00000164237.9",0,0,0,0
"ENSG00000164241.13",2,3,21,28
"ENSG00000164244.21",2237,1850,1278,1891
"ENSG00000164251.5",1,0,0,0
"ENSG00000164252.13",2199,1856,1412,2082
"ENSG00000164253.14",1450,1227,1142,1653
"ENSG00000164256.11",0,2,0,0
"ENSG00000164258.12",1046,966,630,1079
"ENSG00000164265.9",0,0,0,0
"ENSG00000164266.11",9,5,1,1
"ENSG00000164270.18",0,0,0,0
"ENSG00000164283.13",26,16,95,132
"ENSG00000164284.15",2645,1962,1205,1730
"ENSG00000164287.13",5,4,4,2
"ENSG00000164291.17",591,412,406,608
"ENSG00000164292.13",4020,2823,2110,2985
"ENSG00000164294.14",2283,1602,1014,1534
"ENSG00000164296.7",81,99,81,117
"ENSG00000164299.7",0,0,0,0
"ENSG00000164300.17",596,508,599,824
"ENSG00000164307.13",1077,898,897,1256
"ENSG00000164308.17",1378,1108,793,1213
"ENSG00000164309.15",39,44,20,48
"ENSG00000164318.18",0,1,2,0
"ENSG00000164325.8",0,0,0,0
"ENSG00000164326.5",0,0,0,0
"ENSG00000164327.13",2507,2005,1335,1909
"ENSG00000164329.13",1908,1552,1263,1762
"ENSG00000164330.17",32,24,22,21
"ENSG00000164331.10",220,185,167,234
"ENSG00000164332.8",2446,1763,1434,2386
"ENSG00000164334.15",0,1,1,1
"ENSG00000164338.10",1554,1271,856,1275
"ENSG00000164346.10",3829,2925,2191,3699
"ENSG00000164347.18",1916,1482,1315,1822
"ENSG00000164362.21",61,93,28,24
"ENSG00000164363.10",0,0,0,0
"ENSG00000164366.4",522,489,401,493
"ENSG00000164398.15",3,14,11,10
"ENSG00000164399.5",0,0,0,0
"ENSG00000164400.6",2,12,11,16
"ENSG00000164402.14",1513,1599,1215,1678
"ENSG00000164403.15",71,91,70,78
"ENSG00000164404.8",0,3,3,1
"ENSG00000164405.11",1802,2006,1407,2041
"ENSG00000164406.8",16,13,22,13
"ENSG00000164438.6",0,0,0,0
"ENSG00000164463.12",489,384,492,616
"ENSG00000164466.13",3745,2801,1961,3016
"ENSG00000164509.15",1008,805,779,1136
"ENSG00000164512.18",7,5,2,5
"ENSG00000164574.16",635,492,829,1083
"ENSG00000164576.12",693,589,552,682
"ENSG00000164587.13",10530,9803,6551,10029
"ENSG00000164588.8",1,1,4,5
"ENSG00000164591.14",2,2,0,0
"ENSG00000164609.10",2223,1825,1372,2075
"ENSG00000164611.13",2937,2635,1743,2556
"ENSG00000164615.6",1003,889,591,915
"ENSG00000164616.16",0,0,0,0
"ENSG00000164620.9",103,126,125,117
"ENSG00000164621.5",4,0,0,0
"ENSG00000164902.14",3315,2628,1882,3012
"ENSG00000164904.18",1483,1278,959,1320
"ENSG00000165671.21",3090,2773,2555,3407
"ENSG00000165810.17",0,0,0,1
"ENSG00000168246.6",1340,1155,898,1342
"ENSG00000168269.10",0,0,0,1
"ENSG00000168621.15",1639,1491,1311,1894
"ENSG00000168671.10",0,0,0,0
"ENSG00000168685.15",112,60,46,59
"ENSG00000168724.17",2341,1931,1538,2498
"ENSG00000168903.9",0,0,0,0
"ENSG00000168916.15",31,44,62,76
"ENSG00000168938.6",222,206,161,246
"ENSG00000168944.17",1555,1327,941,1388
"ENSG00000168967.14",0,0,0,0
"ENSG00000169040.14",0,0,0,0
"ENSG00000169045.17",22956,21548,14058,18559
"ENSG00000169067.4",1,0,4,3
"ENSG00000169131.13",266,221,112,157
"ENSG00000169194.9",0,0,0,0
"ENSG00000169220.18",123,153,122,171
"ENSG00000169223.15",1947,2026,1701,2406
"ENSG00000169228.14",280,353,328,382
"ENSG00000169230.10",3710,3644,2680,4024
"ENSG00000169247.14",2771,2748,2078,2454
"ENSG00000169252.6",268,199,96,145
"ENSG00000169258.7",844,963,492,715
"ENSG00000169271.3",0,0,0,0
"ENSG00000169302.16",13,11,1,0
"ENSG00000169567.13",3871,3553,1875,2628
"ENSG00000169570.10",683,476,385,627
"ENSG00000169777.6",0,0,0,0
"ENSG00000169862.19",97,82,35,44
"ENSG00000170074.19",0,0,0,0
"ENSG00000170085.18",518,523,238,352
"ENSG00000170089.15",1027,1085,666,1073
"ENSG00000170091.11",0,0,1,0
"ENSG00000170214.5",83,108,73,91
"ENSG00000170231.16",126,137,24,21
"ENSG00000170234.13",766,603,476,657
"ENSG00000170271.11",0,0,1,0
"ENSG00000170445.16",3958,4071,3058,4018
"ENSG00000170458.14",7,5,7,11
"ENSG00000170464.10",400,348,323,472
"ENSG00000170469.11",20,30,26,19
"ENSG00000170476.16",0,0,0,0
"ENSG00000170482.17",0,0,0,0
"ENSG00000170549.4",0,0,0,0
"ENSG00000170561.13",0,0,0,0
"ENSG00000170571.12",3627,2463,2252,3279
"ENSG00000170584.11",710,693,513,794
"ENSG00000170606.15",13254,10366,7681,11724
"ENSG00000170613.4",0,0,0,0
"ENSG00000170624.13",50,37,0,0
"ENSG00000171368.12",24,52,21,8
"ENSG00000171421.13",741,711,632,948
"ENSG00000171444.18",856,752,775,1112
"ENSG00000171495.17",0,0,0,0
"ENSG00000171522.6",53,31,34,41
"ENSG00000171530.15",1945,1679,1029,1726
"ENSG00000171540.8",0,1,0,0
"ENSG00000171604.12",147,144,144,222
"ENSG00000171617.14",2404,2059,1552,2083
"ENSG00000171643.14",9,7,19,26
"ENSG00000171720.10",1444,1561,1225,1666
"ENSG00000171815.6",0,0,0,0
"ENSG00000171992.13",170,205,350,471
"ENSG00000172058.16",58,70,73,123
"ENSG00000172062.17",3153,2602,1955,2784
"ENSG00000172239.14",2809,2247,1676,2690
"ENSG00000172244.9",308,228,110,146
"ENSG00000172262.11",1660,1383,1100,1540
"ENSG00000172497.9",0,0,0,0
"ENSG00000172548.14",14,8,1,4
"ENSG00000172568.5",0,0,2,0
"ENSG00000172795.17",2433,1792,1511,2054
"ENSG00000172869.14",1319,1190,1176,1552
"ENSG00000172901.20",13,6,15,12
"ENSG00000173210.20",2022,1981,1685,2212
"ENSG00000173221.14",131,147,115,191
"ENSG00000173250.2",0,0,0,0
"ENSG00000173261.9",36,39,22,39
"ENSG00000173545.5",1215,1178,866,1302
"ENSG00000173926.6",61,54,19,31
"ENSG00000173930.9",14,23,4,3
"ENSG00000174132.9",257,166,156,257
"ENSG00000174136.13",4431,3729,2359,2967
"ENSG00000174339.2",0,0,0,0
"ENSG00000174358.16",0,0,0,0
"ENSG00000174695.10",4850,3475,3305,5076
"ENSG00000174705.13",396,564,265,332
"ENSG00000175309.15",210,224,188,243
"ENSG00000175325.2",1,1,2,2
"ENSG00000175414.7",1503,1326,849,1054
"ENSG00000175416.16",796,835,579,845
"ENSG00000175426.11",0,1,2,3
"ENSG00000175449.14",70,66,39,54
"ENSG00000175471.19",1912,1359,994,1529
"ENSG00000175745.14",135,119,130,188
"ENSG00000175749.11",2,0,4,0
"ENSG00000175766.13",0,0,0,0
"ENSG00000175857.8",0,0,0,0
"ENSG00000176018.13",1314,813,836,1244
"ENSG00000176049.16",73,68,14,22
"ENSG00000176055.10",523,353,273,437
"ENSG00000176087.15",1558,1585,1254,1550
"ENSG00000176183.8",1,2,0,1
"ENSG00000176783.15",697,758,554,855
"ENSG00000176788.9",1829,1691,1475,2256
"ENSG00000176857.5",48,26,24,10
"ENSG00000176928.7",6,5,4,2
"ENSG00000177034.17",3942,3133,2296,3204
"ENSG00000177058.12",762,600,456,649
"ENSG00000177453.7",22,26,33,44
"ENSG00000177556.12",1036,1086,891,1192
"ENSG00000177721.4",25,28,12,26
"ENSG00000177733.7",5063,4579,2832,3954
"ENSG00000177738.4",134,155,109,138
"ENSG00000177839.7",62,45,88,147
"ENSG00000177879.17",1890,1484,1042,1607
"ENSG00000177932.7",1042,818,391,664
"ENSG00000178015.5",5,5,5,3
"ENSG00000178172.7",0,0,0,0
"ENSG00000178175.12",0,0,0,1
"ENSG00000178187.8",0,0,1,1
"ENSG00000178338.11",355,251,207,242
"ENSG00000178394.5",0,0,0,0
"ENSG00000178722.13",0,0,0,0
"ENSG00000178776.5",30,32,38,34
"ENSG00000178913.8",3449,3042,2109,3404
"ENSG00000178996.14",1170,919,624,1033
"ENSG00000179978.11",102,92,0,19
"ENSG00000180104.16",1869,2162,2005,2414
"ENSG00000181104.7",2237,1766,1367,1823
"ENSG00000181163.14",53583,43286,26384,42212
"ENSG00000181751.10",1012,794,752,1145
"ENSG00000181867.3",0,0,0,0
"ENSG00000181904.9",3783,2741,2139,3496
"ENSG00000181965.6",0,0,0,0
"ENSG00000182132.14",0,0,0,0
"ENSG00000182230.12",0,0,0,0
"ENSG00000182383.8",0,0,0,0
"ENSG00000182578.14",4,1,2,3
"ENSG00000182613.3",0,0,0,1
"ENSG00000182631.7",0,0,0,0
"ENSG00000182700.5",95,54,90,102
"ENSG00000182836.10",0,3,0,0
"ENSG00000183072.10",0,0,0,0
"ENSG00000183111.12",11,11,6,3
"ENSG00000183258.12",1339,1380,1041,1280
"ENSG00000183323.13",508,425,301,402
"ENSG00000183474.16",3014,2325,1757,2709
"ENSG00000183580.10",423,423,326,401
"ENSG00000183654.9",5,4,0,0
"ENSG00000183666.17",290,300,242,332
"ENSG00000183718.5",372,428,359,392
"ENSG00000183775.11",1,3,0,3
"ENSG00000183876.9",20,25,20,19
"ENSG00000184084.7",0,0,0,0
"ENSG00000184188.6",0,0,0,0
"ENSG00000184347.15",4,4,5,8
"ENSG00000184349.13",973,803,455,586
"ENSG00000184584.13",72,115,119,143
"ENSG00000184838.15",282,208,185,280
"ENSG00000184840.12",1559,1719,1317,1663
"ENSG00000184845.4",0,0,0,0
"ENSG00000185028.4",0,0,1,0
"ENSG00000185056.10",0,2,1,1
"ENSG00000185129.8",1463,1018,976,1386
"ENSG00000185261.14",58,46,33,35
"ENSG00000185296.8",0,0,0,0
"ENSG00000185305.11",654,431,516,805
"ENSG00000185372.3",0,0,0,0
"ENSG00000185641.6",22,13,9,13
"ENSG00000185662.10",0,0,0,0
"ENSG00000185986.12",10,15,13,12
"ENSG00000186105.8",6,3,9,8
"ENSG00000186314.11",112,114,64,104
"ENSG00000186334.10",0,0,0,0
"ENSG00000186335.9",0,0,0,0
"ENSG00000186367.7",0,0,0,0
"ENSG00000186468.13",18886,16542,12173,18462
"ENSG00000186479.5",4,10,0,0
"ENSG00000186493.13",0,0,0,0
"ENSG00000186687.16",2026,1432,1097,1738
"ENSG00000186952.15",23,15,4,6
"ENSG00000187372.11",44,35,14,23
"ENSG00000187658.7",0,0,0,0
"ENSG00000187678.10",939,977,618,625
"ENSG00000188002.10",38,36,25,19
"ENSG00000188242.4",352,362,237,240
"ENSG00000188573.8",2,0,0,0
"ENSG00000188725.8",3665,2729,2010,3093
"ENSG00000188818.12",41,37,45,33
"ENSG00000188850.9",0,0,0,0
"ENSG00000189045.15",10,8,6,7
"ENSG00000189127.8",4,2,0,1
"ENSG00000196302.5",0,0,0,0
"ENSG00000196390.6",0,0,0,0
"ENSG00000196570.3",0,0,0,0
"ENSG00000196670.14",997,750,593,776
"ENSG00000196743.9",748,607,640,902
"ENSG00000196800.6",0,0,0,0
"ENSG00000196900.5",0,0,0,0
"ENSG00000196923.14",919,1320,1067,1216
"ENSG00000197043.14",2839,2959,1785,2553
"ENSG00000197083.11",0,0,0,1
"ENSG00000197208.6",60,57,56,62
"ENSG00000197226.13",2483,2830,2250,2984
"ENSG00000197375.13",124,152,145,183
"ENSG00000197451.12",5988,5481,3432,5142
"ENSG00000197479.7",20,16,10,13
"ENSG00000197536.11",9,18,16,17
"ENSG00000197575.6",1,2,0,1
"ENSG00000197603.15",638,592,481,626
"ENSG00000197744.5",19,26,10,22
"ENSG00000197822.11",246,230,163,213
"ENSG00000197860.10",468,393,301,435
"ENSG00000197948.11",307,405,395,442
"ENSG00000198055.11",450,441,390,534
"ENSG00000198108.4",95,93,10,7
"ENSG00000198237.8",53,67,96,73
"ENSG00000198624.13",54,64,50,73
"ENSG00000198677.12",6547,5457,4063,5764
"ENSG00000198780.12",701,460,408,565
"ENSG00000198865.10",11,14,11,15
"ENSG00000198868.3",0,0,0,2
"ENSG00000198939.8",2,0,2,0
"ENSG00000198944.6",0,0,0,0
"ENSG00000198961.10",3065,2404,2220,3371
"ENSG00000198983.1",0,0,0,0
"ENSG00000198995.3",0,0,0,0
"ENSG00000199035.2",0,0,0,0
"ENSG00000199047.3",0,0,0,0
"ENSG00000199219.1",0,0,0,0
"ENSG00000199279.1",0,0,0,0
"ENSG00000199322.1",0,0,0,0
"ENSG00000199361.1",0,0,0,0
"ENSG00000199378.1",0,0,0,0
"ENSG00000199398.1",0,0,0,0
"ENSG00000199409.1",0,0,0,0
"ENSG00000199455.1",0,0,0,0
"ENSG00000199468.1",0,0,0,0
"ENSG00000199487.1",0,0,0,0
"ENSG00000199540.1",0,0,0,0
"ENSG00000199545.1",0,1,0,2
"ENSG00000199552.1",0,0,0,0
"ENSG00000199643.1",0,0,0,0
"ENSG00000199645.1",0,0,0,0
"ENSG00000199677.1",0,0,0,0
"ENSG00000199731.1",0,0,0,0
"ENSG00000199765.1",0,0,0,0
"ENSG00000199773.1",0,0,0,0
"ENSG00000199786.1",0,0,0,0
"ENSG00000199880.1",0,0,0,0
"ENSG00000199892.2",0,0,0,0
"ENSG00000199911.1",0,0,0,0
"ENSG00000199990.1",0,0,0,0
"ENSG00000200051.1",0,0,0,0
"ENSG00000200065.1",0,0,0,0
"ENSG00000200161.1",0,0,0,0
"ENSG00000200227.1",0,0,0,0
"ENSG00000200235.1",0,0,0,0
"ENSG00000200243.1",0,0,0,0
"ENSG00000200275.1",0,0,0,0
"ENSG00000200331.1",0,0,0,0
"ENSG00000200334.1",0,0,0,0
"ENSG00000200351.1",0,0,0,0
"ENSG00000200378.1",0,0,0,0
"ENSG00000200462.1",0,0,0,0
"ENSG00000200555.1",0,0,0,0
"ENSG00000200600.1",0,0,0,0
"ENSG00000200648.1",0,0,0,0
"ENSG00000200756.1",0,0,0,0
"ENSG00000200884.1",0,0,0,0
"ENSG00000200959.1",4,4,4,1
"ENSG00000201016.1",0,0,0,0
"ENSG00000201026.1",0,0,0,0
"ENSG00000201223.1",0,0,0,0
"ENSG00000201274.1",0,0,0,0
"ENSG00000201277.1",0,0,0,0
"ENSG00000201298.1",0,0,0,0
"ENSG00000201368.2",0,0,0,0
"ENSG00000201370.1",0,0,0,0
"ENSG00000201423.1",0,0,0,0
"ENSG00000201436.1",0,0,0,0
"ENSG00000201474.1",0,0,0,0
"ENSG00000201532.1",0,0,0,0
"ENSG00000201623.1",0,0,0,0
"ENSG00000201715.1",0,0,0,0
"ENSG00000201790.1",0,0,0,0
"ENSG00000201869.1",0,0,0,0
"ENSG00000201910.1",0,0,0,0
"ENSG00000201955.1",0,1,1,1
"ENSG00000202017.1",0,0,0,0
"ENSG00000202082.2",0,0,0,0
"ENSG00000202092.1",0,0,0,0
"ENSG00000202111.1",0,0,0,0
"ENSG00000202157.1",0,0,0,0
"ENSG00000202269.1",0,0,0,0
"ENSG00000202345.1",0,0,0,0
"ENSG00000202417.1",0,0,0,0
"ENSG00000202512.1",0,0,0,0
"ENSG00000202515.1",0,0,0,0
"ENSG00000202533.1",0,0,0,0
"ENSG00000202601.4",0,0,0,0
"ENSG00000204628.12",31633,32592,22219,30241
"ENSG00000204659.5",0,0,0,0
"ENSG00000204661.9",0,0,0,1
"ENSG00000204677.13",70,24,29,57
"ENSG00000204754.3",0,0,0,0
"ENSG00000204758.8",13,6,2,7
"ENSG00000204764.14",139,149,116,114
"ENSG00000204767.4",3113,2180,1717,2217
"ENSG00000204909.8",0,0,0,0
"ENSG00000204928.2",0,0,0,0
"ENSG00000204956.5",30,27,38,30
"ENSG00000204961.7",1,10,9,7
"ENSG00000204962.6",7,7,4,16
"ENSG00000204963.6",116,101,103,146
"ENSG00000204965.9",77,70,98,113
"ENSG00000204967.12",28,19,22,27
"ENSG00000204969.7",0,0,0,0
"ENSG00000204970.10",8,3,2,3
"ENSG00000205089.8",0,0,2,0
"ENSG00000205279.8",0,0,0,0
"ENSG00000205302.7",2755,1973,1651,2512
"ENSG00000205359.10",0,0,0,0
"ENSG00000205449.11",15,7,5,5
"ENSG00000205464.12",8,16,7,13
"ENSG00000205571.14",5722,4403,2973,4812
"ENSG00000205572.10",698,633,523,709
"ENSG00000205644.5",0,0,0,0
"ENSG00000205765.9",2084,1525,1386,2033
"ENSG00000205838.14",1,4,2,1
"ENSG00000205976.4",0,1,0,0
"ENSG00000206077.13",0,2,0,0
"ENSG00000206356.5",0,0,0,0
"ENSG00000206592.1",0,0,0,0
"ENSG00000206593.1",0,0,0,0
"ENSG00000206606.1",0,0,0,0
"ENSG00000206614.1",0,0,0,0
"ENSG00000206624.1",0,0,0,0
"ENSG00000206682.1",0,0,0,0
"ENSG00000206686.1",0,0,0,0
"ENSG00000206698.1",0,1,0,0
"ENSG00000206714.1",0,0,0,0
"ENSG00000206741.1",0,0,0,0
"ENSG00000206743.1",0,0,0,0
"ENSG00000206744.1",0,0,0,0
"ENSG00000206770.1",0,0,0,0
"ENSG00000206774.1",0,0,0,0
"ENSG00000206786.1",0,0,0,0
"ENSG00000206814.1",0,0,0,0
"ENSG00000206819.1",0,0,0,0
"ENSG00000206845.1",0,0,0,0
"ENSG00000206909.1",1,0,0,0
"ENSG00000206912.1",0,0,0,0
"ENSG00000206958.1",0,0,0,0
"ENSG00000206989.1",0,0,0,0
"ENSG00000206997.1",0,0,0,0
"ENSG00000207013.1",0,0,0,0
"ENSG00000207020.1",0,0,0,0
"ENSG00000207052.1",0,0,0,0
"ENSG00000207060.1",0,0,0,0
"ENSG00000207077.1",0,0,0,0
"ENSG00000207129.1",0,0,0,0
"ENSG00000207177.1",0,0,0,0
"ENSG00000207210.1",0,0,0,0
"ENSG00000207222.1",0,0,0,0
"ENSG00000207229.1",0,0,0,0
"ENSG00000207261.1",0,0,0,0
"ENSG00000207269.1",0,0,0,0
"ENSG00000207290.1",0,0,0,0
"ENSG00000207293.1",0,0,0,0
"ENSG00000207312.1",0,0,0,0
"ENSG00000207317.1",0,0,0,0
"ENSG00000207333.1",0,0,0,0
"ENSG00000207336.1",0,0,0,0
"ENSG00000207352.1",0,0,0,0
"ENSG00000207391.1",0,0,0,0
"ENSG00000207404.1",0,0,0,0
"ENSG00000207420.1",0,0,0,0
"ENSG00000207439.1",0,0,0,0
"ENSG00000207452.1",0,0,0,0
"ENSG00000207459.1",0,0,0,0
"ENSG00000207578.1",0,0,0,0
"ENSG00000207619.1",0,0,0,0
"ENSG00000207627.1",0,0,0,0
"ENSG00000207714.3",0,0,0,0
"ENSG00000207728.1",0,0,0,0
"ENSG00000207739.1",0,0,0,0
"ENSG00000207756.1",0,0,0,0
"ENSG00000207956.1",0,0,0,0
"ENSG00000210678.1",0,0,0,0
"ENSG00000211445.12",8,9,0,0
"ENSG00000212122.4",1,0,0,1
"ENSG00000212215.1",0,0,0,0
"ENSG00000212249.2",0,0,0,0
"ENSG00000212258.1",0,0,0,0
"ENSG00000212259.1",0,0,0,0
"ENSG00000212260.1",0,0,0,0
"ENSG00000212265.1",0,0,0,0
"ENSG00000212278.1",0,0,0,0
"ENSG00000212296.1",2,1,0,1
"ENSG00000212305.1",0,0,0,0
"ENSG00000212363.1",0,0,0,0
"ENSG00000212370.1",0,0,0,0
"ENSG00000212402.1",0,1,0,0
"ENSG00000212457.1",0,0,0,0
"ENSG00000212460.1",0,0,0,0
"ENSG00000212529.1",0,0,0,0
"ENSG00000212561.1",0,0,0,0
"ENSG00000212567.1",0,0,0,0
"ENSG00000212643.3",45,17,12,0
"ENSG00000212930.3",0,0,0,0
"ENSG00000213285.4",0,0,0,0
"ENSG00000213316.10",1,0,0,0
"ENSG00000213328.3",0,0,0,0
"ENSG00000213347.10",99,143,89,142
"ENSG00000213376.4",0,0,1,1
"ENSG00000213386.3",0,0,0,0
"ENSG00000213393.5",0,0,0,0
"ENSG00000213414.3",1,1,3,2
"ENSG00000213430.6",629,485,351,560
"ENSG00000213433.5",5,5,2,10
"ENSG00000213488.4",0,0,0,0
"ENSG00000213523.10",482,565,518,640
"ENSG00000213568.4",1,0,2,2
"ENSG00000213585.11",8353,7450,5063,7456
"ENSG00000213630.3",0,1,0,0
"ENSG00000213655.4",0,0,0,0
"ENSG00000213661.3",2,2,2,0
"ENSG00000213663.4",0,0,0,0
"ENSG00000213701.4",3,1,3,2
"ENSG00000213716.3",0,0,0,0
"ENSG00000213730.3",1,0,0,0
"ENSG00000213755.3",0,0,0,0
"ENSG00000213757.3",104,190,109,216
"ENSG00000213763.4",7,10,5,9
"ENSG00000213830.3",4,4,0,7
"ENSG00000213864.3",5,8,1,10
"ENSG00000213891.3",3,2,2,1
"ENSG00000213896.4",0,0,0,0
"ENSG00000213940.4",0,0,0,0
"ENSG00000213949.10",337,298,455,633
"ENSG00000213956.4",1,1,0,0
"ENSG00000214108.4",0,0,0,0
"ENSG00000214132.4",21,9,9,11
"ENSG00000214244.4",298,244,112,183
"ENSG00000214278.4",4,2,1,1
"ENSG00000214295.4",0,0,0,0
"ENSG00000214351.5",0,0,0,0
"ENSG00000214357.9",270,261,175,234
"ENSG00000214360.5",0,0,0,0
"ENSG00000214485.6",8846,7628,5103,8192
"ENSG00000214510.10",0,1,0,0
"ENSG00000214743.4",0,0,0,0
"ENSG00000214784.4",95,75,55,71
"ENSG00000214794.4",0,0,0,0
"ENSG00000214853.5",0,0,0,0
"ENSG00000214857.4",0,0,1,0
"ENSG00000214890.3",0,0,0,0
"ENSG00000214942.6",0,0,0,0
"ENSG00000214944.9",2199,1998,1098,1533
"ENSG00000215006.4",6,10,8,16
"ENSG00000215032.2",18,0,0,11
"ENSG00000215068.8",128,96,70,83
"ENSG00000215156.5",0,0,0,0
"ENSG00000215158.9",211,197,132,160
"ENSG00000215196.5",2,4,7,2
"ENSG00000215217.7",0,0,0,0
"ENSG00000215218.4",0,0,0,0
"ENSG00000215231.8",0,0,0,0
"ENSG00000215246.5",0,0,0,0
"ENSG00000215325.4",0,0,0,0
"ENSG00000215630.6",40,20,19,35
"ENSG00000216009.3",0,0,0,0
"ENSG00000216077.3",0,0,0,0
"ENSG00000217128.12",2106,1621,1324,2040
"ENSG00000217416.4",105,70,56,67
"ENSG00000217791.4",0,0,0,0
"ENSG00000218227.3",0,6,0,0
"ENSG00000220157.4",60,43,14,38
"ENSG00000220986.1",0,0,0,0
"ENSG00000221043.2",0,0,0,0
"ENSG00000221263.1",0,0,0,0
"ENSG00000221287.1",0,0,0,0
"ENSG00000221394.1",0,0,0,0
"ENSG00000221430.1",0,0,0,0
"ENSG00000221436.1",0,0,0,0
"ENSG00000221464.1",0,0,0,0
"ENSG00000221552.1",0,0,0,0
"ENSG00000221562.1",0,0,0,0
"ENSG00000221601.1",0,0,0,0
"ENSG00000221886.4",152,99,81,105
"ENSG00000221990.4",64,71,53,71
"ENSG00000222054.1",0,0,0,0
"ENSG00000222102.1",0,0,0,0
"ENSG00000222107.1",0,0,0,0
"ENSG00000222111.1",0,0,0,0
"ENSG00000222178.1",0,0,0,0
"ENSG00000222213.1",0,0,0,0
"ENSG00000222266.1",1,0,0,0
"ENSG00000222285.1",0,0,0,0
"ENSG00000222308.1",0,0,0,0
"ENSG00000222312.1",0,0,0,0
"ENSG00000222448.1",0,0,0,0
"ENSG00000222533.1",0,0,0,0
"ENSG00000222560.1",0,0,0,0
"ENSG00000222598.1",0,0,0,0
"ENSG00000222609.1",0,0,0,0
"ENSG00000222610.1",0,0,0,0
"ENSG00000222626.1",0,0,0,0
"ENSG00000222706.1",0,0,0,0
"ENSG00000222743.1",0,0,0,0
"ENSG00000222790.1",0,0,0,0
"ENSG00000222852.1",0,0,0,0
"ENSG00000222924.1",0,0,0,0
"ENSG00000222937.1",0,0,0,0
"ENSG00000222960.1",0,0,0,0
"ENSG00000222987.1",0,0,0,0
"ENSG00000223003.1",0,0,0,0
"ENSG00000223004.1",0,0,0,0
"ENSG00000223007.1",0,0,0,0
"ENSG00000223136.1",0,0,0,0
"ENSG00000223179.3",0,0,0,0
"ENSG00000223361.5",1620,1631,1334,2217
"ENSG00000223442.1",0,0,0,0
"ENSG00000223497.1",0,0,0,0
"ENSG00000223539.4",0,0,0,0
"ENSG00000223548.1",0,0,0,0
"ENSG00000223597.3",0,0,0,0
"ENSG00000223652.2",6,4,0,0
"ENSG00000223908.5",0,1,0,0
"ENSG00000224012.3",0,0,0,0
"ENSG00000224015.1",0,0,0,0
"ENSG00000224032.7",610,691,623,772
"ENSG00000224186.8",12,9,16,20
"ENSG00000224282.3",0,0,0,0
"ENSG00000224296.3",0,0,0,0
"ENSG00000224431.1",0,0,0,0
"ENSG00000224993.3",21,13,20,19
"ENSG00000225051.5",0,0,0,0
"ENSG00000225138.8",50,102,108,103
"ENSG00000225147.1",0,0,0,0
"ENSG00000225165.3",0,0,0,0
"ENSG00000225230.1",0,0,0,0
"ENSG00000225364.1",0,0,0,0
"ENSG00000225407.3",0,0,0,0
"ENSG00000225869.4",0,3,2,0
"ENSG00000225940.7",0,0,0,0
"ENSG00000226040.3",9,10,7,10
"ENSG00000226221.1",15,37,19,36
"ENSG00000226259.10",1480,1274,982,1222
"ENSG00000226272.5",0,0,0,0
"ENSG00000226306.6",0,1,0,0
"ENSG00000226400.2",0,1,0,0
"ENSG00000226432.3",8,6,11,6
"ENSG00000226544.4",11,24,18,19
"ENSG00000226650.6",32,28,34,41
"ENSG00000226810.3",0,0,1,0
"ENSG00000226926.7",4,0,0,1
"ENSG00000227087.4",1,3,1,1
"ENSG00000227616.1",0,0,0,0
"ENSG00000227762.4",0,0,0,0
"ENSG00000227836.1",0,0,0,1
"ENSG00000227908.3",7,2,2,1
"ENSG00000228212.1",3,2,0,0
"ENSG00000228259.3",0,0,0,0
"ENSG00000228367.3",0,0,0,0
"ENSG00000228650.2",0,0,0,0
"ENSG00000228672.4",4,11,18,12
"ENSG00000228716.7",6116,4606,2942,4765
"ENSG00000228737.2",2,1,0,0
"ENSG00000229119.3",484,437,301,435
"ENSG00000229666.1",4,1,2,3
"ENSG00000229721.3",0,0,0,0
"ENSG00000229738.1",0,0,0,1
"ENSG00000229855.9",0,0,0,0
"ENSG00000230178.1",0,0,0,0
"ENSG00000230551.4",867,845,701,769
"ENSG00000230561.4",0,0,0,0
"ENSG00000230571.2",0,0,0,0
"ENSG00000230612.3",0,0,0,0
"ENSG00000230789.1",0,0,0,0
"ENSG00000230829.3",1,0,0,0
"ENSG00000230847.4",0,9,8,3
"ENSG00000230929.5",0,0,0,0
"ENSG00000231185.7",0,1,3,0
"ENSG00000231228.4",0,1,0,0
"ENSG00000231291.3",0,0,0,0
"ENSG00000231579.3",92,60,50,65
"ENSG00000231585.1",0,0,0,0
"ENSG00000231989.5",81,56,51,67
"ENSG00000232159.3",0,0,0,0
"ENSG00000232174.3",0,0,0,0
"ENSG00000232517.2",0,0,0,0
"ENSG00000232578.4",0,0,0,1
"ENSG00000232615.4",110,58,54,99
"ENSG00000232633.4",0,0,1,0
"ENSG00000232916.1",0,2,0,0
"ENSG00000233006.8",2,8,3,4
"ENSG00000233787.3",0,0,0,0
"ENSG00000233828.5",19,14,7,12
"ENSG00000233847.1",0,0,0,0
"ENSG00000233913.7",103,117,61,93
"ENSG00000233937.7",180,187,144,118
"ENSG00000233943.1",0,0,0,0
"ENSG00000233974.3",0,0,0,1
"ENSG00000234259.3",0,0,0,0
"ENSG00000234284.7",47,54,14,28
"ENSG00000234290.2",9,11,5,9
"ENSG00000234292.3",0,0,0,0
"ENSG00000234511.10",0,0,0,0
"ENSG00000234553.1",0,0,0,0
"ENSG00000234602.9",97,109,52,71
"ENSG00000234758.1",0,0,0,0
"ENSG00000234838.3",0,0,0,0
"ENSG00000234865.3",0,0,0,0
"ENSG00000235172.8",5,2,0,0
"ENSG00000235253.1",0,0,0,1
"ENSG00000235275.3",0,0,1,1
"ENSG00000235558.3",0,0,0,0
"ENSG00000235635.1",0,0,0,0
"ENSG00000235775.1",0,0,0,0
"ENSG00000236068.2",0,0,0,0
"ENSG00000236447.2",0,0,0,0
"ENSG00000236714.3",0,0,0,0
"ENSG00000236791.2",0,0,0,0
"ENSG00000236882.8",11,1,2,3
"ENSG00000237187.9",98,84,92,123
"ENSG00000237190.4",717,611,323,510
"ENSG00000237611.2",0,0,0,0
"ENSG00000237693.4",0,1,4,1
"ENSG00000237705.1",0,0,0,0
"ENSG00000237714.1",0,0,0,0
"ENSG00000238000.1",1,5,4,8
"ENSG00000238035.8",13,13,6,12
"ENSG00000238160.1",0,0,0,0
"ENSG00000238254.3",0,0,0,0
"ENSG00000238326.1",0,0,0,0
"ENSG00000238363.1",1,0,1,2
"ENSG00000238374.1",0,0,0,0
"ENSG00000238441.1",0,0,0,0
"ENSG00000238745.1",0,0,0,0
"ENSG00000238835.1",1,0,1,0
"ENSG00000238904.1",0,0,0,0
"ENSG00000238913.1",0,0,0,0
"ENSG00000238961.1",1,1,2,0
"ENSG00000239112.1",0,0,0,0
"ENSG00000239317.1",1,0,0,0
"ENSG00000239389.8",0,0,2,0
"ENSG00000239390.3",0,0,0,0
"ENSG00000239393.1",0,0,0,0
"ENSG00000239517.1",0,0,0,0
"ENSG00000239528.1",0,0,0,1
"ENSG00000239602.1",0,0,0,0
"ENSG00000239615.1",0,0,0,0
"ENSG00000239642.6",0,0,0,0
"ENSG00000239694.1",0,0,0,0
"ENSG00000239708.3",0,0,0,0
"ENSG00000239808.3",0,0,0,0
"ENSG00000239870.1",0,0,0,0
"ENSG00000240003.2",2,1,1,2
"ENSG00000240052.1",0,0,0,0
"ENSG00000240058.3",0,0,0,0
"ENSG00000240083.2",0,2,0,0
"ENSG00000240184.7",1528,1665,1353,1871
"ENSG00000240250.3",0,0,0,0
"ENSG00000240281.2",0,0,0,0
"ENSG00000240376.1",18,24,18,23
"ENSG00000240388.2",0,0,0,0
"ENSG00000240411.2",0,0,0,0
"ENSG00000240412.1",0,0,0,0
"ENSG00000240436.1",0,0,0,0
"ENSG00000240518.2",0,0,0,0
"ENSG00000240535.8",0,0,1,0
"ENSG00000240611.1",0,0,0,0
"ENSG00000240627.1",1,2,0,0
"ENSG00000240729.1",0,2,0,2
"ENSG00000240764.4",10,14,7,19
"ENSG00000240785.2",1,1,1,0
"ENSG00000240974.1",0,0,0,0
"ENSG00000241059.2",0,0,0,0
"ENSG00000241112.1",0,1,0,1
"ENSG00000241179.1",0,0,0,0
"ENSG00000241187.1",0,0,0,0
"ENSG00000241230.3",0,0,0,0
"ENSG00000241243.3",0,0,0,0
"ENSG00000241291.3",0,0,0,0
"ENSG00000241458.1",2,6,4,1
"ENSG00000241552.3",0,0,0,0
"ENSG00000241597.2",0,0,0,0
"ENSG00000241668.2",0,0,0,0
"ENSG00000241739.1",1,0,0,1
"ENSG00000241809.1",0,0,0,0
"ENSG00000241829.1",0,0,0,0
"ENSG00000241870.1",0,0,0,0
"ENSG00000241888.2",0,0,0,0
"ENSG00000241907.1",0,0,0,0
"ENSG00000241956.10",0,0,0,0
"ENSG00000241963.3",0,0,0,0
"ENSG00000241965.2",0,0,0,0
"ENSG00000241991.1",0,0,0,0
"ENSG00000242020.3",0,0,0,1
"ENSG00000242080.1",0,0,0,0
"ENSG00000242110.8",303,282,201,264
"ENSG00000242198.1",0,0,0,0
"ENSG00000242292.2",0,0,0,0
"ENSG00000242341.3",0,0,0,0
"ENSG00000242419.5",12,5,12,8
"ENSG00000242477.1",20,20,15,16
"ENSG00000242493.3",0,0,0,0
"ENSG00000242547.3",0,0,0,0
"ENSG00000242602.1",0,1,0,0
"ENSG00000242608.1",0,0,0,0
"ENSG00000242654.1",0,0,0,0
"ENSG00000242683.1",1,0,0,0
"ENSG00000242706.2",0,0,0,0
"ENSG00000242814.2",36,24,23,41
"ENSG00000242858.1",1,3,1,1
"ENSG00000242928.3",0,0,0,0
"ENSG00000242976.3",0,0,0,0
"ENSG00000242979.1",0,0,0,0
"ENSG00000243056.2",18,6,6,11
"ENSG00000243160.1",2,1,0,0
"ENSG00000243232.6",96,88,60,98
"ENSG00000243304.3",0,0,0,0
"ENSG00000243333.3",0,0,0,0
"ENSG00000243385.2",0,0,0,1
"ENSG00000243414.6",134,94,129,198
"ENSG00000243538.1",8,44,32,35
"ENSG00000243592.1",0,1,0,0
"ENSG00000243648.1",8,6,0,2
"ENSG00000243664.1",0,0,0,0
"ENSG00000243744.2",2,0,1,1
"ENSG00000243758.1",0,0,0,0
"ENSG00000243806.1",0,0,1,1
"ENSG00000243859.3",5,2,3,3
"ENSG00000243914.1",0,0,0,0
"ENSG00000243959.3",0,0,0,0
"ENSG00000244019.1",0,0,0,0
"ENSG00000244061.1",0,1,0,0
"ENSG00000244073.1",0,1,2,1
"ENSG00000244076.1",0,0,0,0
"ENSG00000244088.1",0,0,0,0
"ENSG00000244192.1",1,0,1,1
"ENSG00000244234.3",5,3,4,1
"ENSG00000244245.1",895,813,625,841
"ENSG00000244326.3",0,0,0,0
"ENSG00000244331.1",0,1,0,1
"ENSG00000244361.1",0,0,0,0
"ENSG00000244363.3",1869,1188,937,1000
"ENSG00000244501.3",0,0,0,0
"ENSG00000244621.1",0,0,0,0
"ENSG00000244630.2",0,0,0,0
"ENSG00000244717.1",0,0,0,0
"ENSG00000244748.3",0,0,0,0
"ENSG00000244921.2",1,0,1,0
"ENSG00000244945.1",0,0,1,1
"ENSG00000244968.7",4,4,4,7
"ENSG00000245060.8",120,131,107,96
"ENSG00000245146.7",20,17,14,22
"ENSG00000245275.8",16,20,17,13
"ENSG00000245317.2",6,17,4,18
"ENSG00000245526.11",180,178,248,339
"ENSG00000245556.3",88,113,88,100
"ENSG00000245662.4",0,0,0,0
"ENSG00000245688.1",0,0,0,0
"ENSG00000245711.2",0,0,1,0
"ENSG00000245729.2",0,0,0,0
"ENSG00000245812.3",0,0,0,0
"ENSG00000245864.3",0,0,0,1
"ENSG00000245937.8",386,355,269,446
"ENSG00000246016.2",0,0,0,0
"ENSG00000246214.2",0,0,0,0
"ENSG00000246316.8",0,0,0,0
"ENSG00000246323.2",0,0,0,0
"ENSG00000246334.2",41,69,66,74
"ENSG00000246422.2",0,0,0,0
"ENSG00000246596.7",12,17,0,1
"ENSG00000246763.7",1,4,4,2
"ENSG00000246859.3",7,6,3,11
"ENSG00000247049.2",0,0,0,0
"ENSG00000247121.7",4,4,3,8
"ENSG00000247199.5",21,10,12,5
"ENSG00000247311.3",0,0,1,0
"ENSG00000247345.2",0,0,0,0
"ENSG00000247372.2",0,2,0,1
"ENSG00000247402.2",0,0,0,0
"ENSG00000247516.8",132,140,94,149
"ENSG00000247572.8",210,181,163,213
"ENSG00000247627.2",43,63,50,51
"ENSG00000247679.3",23,19,5,9
"ENSG00000247699.2",0,0,0,0
"ENSG00000247763.2",3,0,1,1
"ENSG00000247796.3",69,51,27,40
"ENSG00000247828.8",492,505,535,500
"ENSG00000247872.2",0,0,0,0
"ENSG00000247877.7",1,1,0,0
"ENSG00000247911.3",0,0,0,0
"ENSG00000247993.2",0,0,0,2
"ENSG00000248029.2",0,0,0,0
"ENSG00000248092.8",713,534,316,457
"ENSG00000248103.1",15,36,21,30
"ENSG00000248105.1",0,0,0,0
"ENSG00000248106.2",0,0,0,0
"ENSG00000248107.2",0,0,0,0
"ENSG00000248109.3",0,0,0,0
"ENSG00000248112.1",0,0,0,0
"ENSG00000248118.2",0,0,0,0
"ENSG00000248120.1",0,0,0,0
"ENSG00000248125.2",0,0,0,0
"ENSG00000248126.1",0,0,0,0
"ENSG00000248127.1",0,0,0,0
"ENSG00000248131.6",20,21,25,31
"ENSG00000248132.3",0,0,0,0
"ENSG00000248137.1",0,0,0,0
"ENSG00000248145.2",0,0,0,0
"ENSG00000248148.1",0,0,0,0
"ENSG00000248150.1",0,0,1,0
"ENSG00000248156.2",0,0,0,0
"ENSG00000248160.1",0,0,0,0
"ENSG00000248170.1",0,0,0,0
"ENSG00000248185.1",2,4,0,0
"ENSG00000248192.1",0,0,0,0
"ENSG00000248195.1",0,0,0,0
"ENSG00000248199.2",0,0,0,0
"ENSG00000248202.2",0,0,0,0
"ENSG00000248203.1",0,0,0,0
"ENSG00000248205.1",0,0,0,0
"ENSG00000248211.1",3,4,3,2
"ENSG00000248216.1",0,0,0,0
"ENSG00000248222.5",0,0,0,0
"ENSG00000248223.1",0,0,0,0
"ENSG00000248234.1",0,0,0,0
"ENSG00000248236.1",0,0,0,0
"ENSG00000248240.1",2,1,0,1
"ENSG00000248245.1",0,0,0,0
"ENSG00000248261.2",0,0,0,0
"ENSG00000248268.1",0,0,0,0
"ENSG00000248271.1",0,0,0,0
"ENSG00000248275.2",56,67,42,70
"ENSG00000248279.5",0,0,0,0
"ENSG00000248285.1",0,0,0,0
"ENSG00000248286.1",0,0,0,0
"ENSG00000248288.1",1,0,0,0
"ENSG00000248293.1",0,0,0,0
"ENSG00000248295.2",0,0,0,0
"ENSG00000248296.1",0,0,0,0
"ENSG00000248308.1",0,0,0,0
"ENSG00000248309.7",5,1,0,0
"ENSG00000248311.1",0,0,0,0
"ENSG00000248323.7",82,106,59,76
"ENSG00000248337.1",0,0,0,0
"ENSG00000248349.1",0,0,0,0
"ENSG00000248350.1",0,0,0,0
"ENSG00000248351.1",0,0,0,0
"ENSG00000248355.1",0,0,0,0
"ENSG00000248359.2",0,0,0,0
"ENSG00000248362.1",6,3,3,3
"ENSG00000248363.5",0,0,0,0
"ENSG00000248367.1",2,7,5,1
"ENSG00000248371.5",0,0,0,0
"ENSG00000248378.1",0,0,0,0
"ENSG00000248383.5",1,7,10,6
"ENSG00000248391.6",0,0,0,0
"ENSG00000248393.1",0,0,0,0
"ENSG00000248400.2",4,2,1,1
"ENSG00000248403.1",0,0,0,0
"ENSG00000248418.2",0,0,0,0
"ENSG00000248422.1",0,0,0,0
"ENSG00000248426.1",0,0,0,0
"ENSG00000248428.1",0,0,0,0
"ENSG00000248430.1",0,0,0,0
"ENSG00000248440.1",0,0,0,0
"ENSG00000248443.1",0,0,0,0
"ENSG00000248445.5",15,9,7,11
"ENSG00000248449.2",2,5,2,3
"ENSG00000248455.6",0,0,0,0
"ENSG00000248457.1",0,0,0,0
"ENSG00000248461.3",17,7,8,16
"ENSG00000248462.1",0,0,0,0
"ENSG00000248464.1",0,1,0,0
"ENSG00000248469.1",0,0,0,0
"ENSG00000248471.2",0,0,0,0
"ENSG00000248473.2",0,0,1,0
"ENSG00000248474.1",0,0,0,0
"ENSG00000248475.5",0,0,0,0
"ENSG00000248477.6",0,6,3,4
"ENSG00000248482.1",0,0,0,0
"ENSG00000248483.7",1,3,2,4
"ENSG00000248484.1",0,0,0,0
"ENSG00000248489.2",9,2,4,1
"ENSG00000248490.2",0,0,0,0
"ENSG00000248493.1",0,0,1,0
"ENSG00000248514.1",0,2,0,0
"ENSG00000248525.2",0,0,0,0
"ENSG00000248528.1",0,0,0,0
"ENSG00000248529.5",0,0,0,0
"ENSG00000248533.1",0,0,0,0
"ENSG00000248537.1",0,0,0,0
"ENSG00000248539.1",0,0,0,0
"ENSG00000248542.2",0,0,0,0
"ENSG00000248544.2",5,6,5,5
"ENSG00000248554.1",0,1,0,0
"ENSG00000248555.7",0,0,0,0
"ENSG00000248559.1",0,0,0,0
"ENSG00000248560.1",0,0,0,0
"ENSG00000248568.1",0,0,0,0
"ENSG00000248569.1",146,99,77,86
"ENSG00000248572.6",0,0,0,0
"ENSG00000248577.1",0,0,0,0
"ENSG00000248586.2",0,0,0,0
"ENSG00000248587.8",28,27,13,18
"ENSG00000248588.2",0,1,1,0
"ENSG00000248591.1",0,0,0,0
"ENSG00000248596.8",0,0,0,10
"ENSG00000248597.2",0,0,0,0
"ENSG00000248600.2",0,0,0,0
"ENSG00000248605.5",0,0,0,0
"ENSG00000248610.1",3,1,0,0
"ENSG00000248616.1",0,0,0,0
"ENSG00000248624.1",0,0,0,0
"ENSG00000248626.1",2,9,2,4
"ENSG00000248634.1",0,0,0,0
"ENSG00000248647.2",0,0,0,0
"ENSG00000248648.1",0,0,0,0
"ENSG00000248651.1",0,0,0,0
"ENSG00000248652.2",0,0,0,0
"ENSG00000248663.6",0,0,0,0
"ENSG00000248664.1",0,0,1,5
"ENSG00000248667.1",0,0,0,0
"ENSG00000248668.3",7,3,1,0
"ENSG00000248673.2",0,1,0,0
"ENSG00000248674.1",0,0,0,0
"ENSG00000248677.2",0,0,2,1
"ENSG00000248684.1",0,0,0,0
"ENSG00000248687.2",0,0,0,0
"ENSG00000248693.1",0,0,0,0
"ENSG00000248696.1",0,0,0,0
"ENSG00000248699.1",0,0,0,0
"ENSG00000248701.1",0,0,0,0
"ENSG00000248708.2",0,0,0,0
"ENSG00000248709.3",0,0,0,0
"ENSG00000248717.1",0,0,0,0
"ENSG00000248722.1",0,0,0,0
"ENSG00000248727.6",3,0,0,2
"ENSG00000248729.1",1,0,0,0
"ENSG00000248730.1",0,0,0,0
"ENSG00000248733.1",0,0,0,0
"ENSG00000248734.2",1,11,3,1
"ENSG00000248736.3",0,0,0,0
"ENSG00000248752.3",0,1,0,0
"ENSG00000248753.1",0,0,0,0
"ENSG00000248757.2",0,0,0,0
"ENSG00000248758.1",0,0,0,0
"ENSG00000248761.1",0,0,0,0
"ENSG00000248765.1",0,0,0,0
"ENSG00000248766.2",0,0,0,0
"ENSG00000248769.1",0,0,0,1
"ENSG00000248775.1",0,0,0,0
"ENSG00000248779.1",0,0,0,0
"ENSG00000248781.1",4,0,1,0
"ENSG00000248783.1",2,2,3,4
"ENSG00000248789.5",0,0,0,0
"ENSG00000248791.1",2,2,0,0
"ENSG00000248794.1",7,3,3,7
"ENSG00000248799.1",0,0,0,0
"ENSG00000248803.1",0,0,0,0
"ENSG00000248813.1",0,0,0,0
"ENSG00000248826.2",0,0,0,0
"ENSG00000248827.1",2,1,0,1
"ENSG00000248834.2",0,0,0,0
"ENSG00000248842.1",0,0,0,0
"ENSG00000248846.3",1,3,2,3
"ENSG00000248853.1",0,0,0,0
"ENSG00000248854.1",0,0,1,1
"ENSG00000248859.2",0,1,0,0
"ENSG00000248867.1",0,0,0,0
"ENSG00000248870.1",0,0,0,0
"ENSG00000248873.1",550,455,321,566
"ENSG00000248874.5",0,0,0,0
"ENSG00000248876.1",0,0,0,0
"ENSG00000248878.1",0,0,0,0
"ENSG00000248881.1",0,0,0,0
"ENSG00000248884.1",0,0,0,1
"ENSG00000248885.1",0,0,0,0
"ENSG00000248891.2",0,0,0,0
"ENSG00000248898.3",0,0,0,1
"ENSG00000248901.2",0,0,0,0
"ENSG00000248908.1",0,0,0,0
"ENSG00000248909.1",2,6,8,3
"ENSG00000248918.2",0,0,0,0
"ENSG00000248923.1",3,6,9,11
"ENSG00000248925.1",0,0,1,1
"ENSG00000248927.1",41,23,14,34
"ENSG00000248928.1",0,0,0,0
"ENSG00000248929.1",0,0,0,0
"ENSG00000248930.1",1,2,0,0
"ENSG00000248931.1",0,0,0,0
"ENSG00000248935.1",0,0,0,0
"ENSG00000248942.3",0,0,0,0
"ENSG00000248943.1",0,0,0,0
"ENSG00000248949.1",0,0,1,0
"ENSG00000248950.1",0,0,0,0
"ENSG00000248951.2",0,0,0,0
"ENSG00000248955.1",0,0,0,0
"ENSG00000248962.1",0,0,0,0
"ENSG00000248965.1",0,0,0,0
"ENSG00000248966.1",59,57,31,51
"ENSG00000248967.1",0,0,0,0
"ENSG00000248968.1",0,0,0,0
"ENSG00000248969.1",0,0,0,0
"ENSG00000248973.3",0,0,0,0
"ENSG00000248979.2",0,0,0,0
"ENSG00000248994.2",0,0,0,1
"ENSG00000248996.1",0,0,0,2
"ENSG00000249014.2",15,10,11,14
"ENSG00000249016.1",0,0,0,0
"ENSG00000249017.1",0,0,0,0
"ENSG00000249021.1",0,0,0,0
"ENSG00000249023.1",0,0,0,0
"ENSG00000249026.2",6,1,6,4
"ENSG00000249031.1",1,1,1,1
"ENSG00000249035.7",3,0,0,0
"ENSG00000249042.6",110,90,94,100
"ENSG00000249053.1",0,0,0,0
"ENSG00000249057.1",0,0,0,0
"ENSG00000249061.1",0,0,0,0
"ENSG00000249068.1",0,0,0,0
"ENSG00000249069.8",0,0,0,0
"ENSG00000249071.2",0,0,0,0
"ENSG00000249073.1",0,0,0,0
"ENSG00000249082.2",0,0,0,0
"ENSG00000249085.1",0,0,0,0
"ENSG00000249089.1",0,0,0,0
"ENSG00000249092.1",1,1,0,1
"ENSG00000249099.1",0,0,0,0
"ENSG00000249100.1",0,0,0,0
"ENSG00000249101.1",0,0,0,0
"ENSG00000249102.3",0,1,1,0
"ENSG00000249109.1",0,0,0,0
"ENSG00000249112.1",0,0,0,0
"ENSG00000249114.1",0,0,0,0
"ENSG00000249116.1",0,0,0,0
"ENSG00000249119.1",1,5,1,3
"ENSG00000249128.1",0,0,0,0
"ENSG00000249129.1",36,30,19,30
"ENSG00000249131.2",0,0,0,0
"ENSG00000249135.1",0,0,0,0
"ENSG00000249140.1",0,0,0,0
"ENSG00000249142.1",7,10,5,8
"ENSG00000249149.2",0,0,0,0
"ENSG00000249150.2",2,1,0,0
"ENSG00000249153.1",0,0,0,0
"ENSG00000249156.2",0,0,0,0
"ENSG00000249157.1",0,0,0,0
"ENSG00000249158.7",0,0,2,2
"ENSG00000249159.6",0,0,0,0
"ENSG00000249160.4",0,0,0,0
"ENSG00000249166.1",0,0,0,0
"ENSG00000249167.2",0,2,0,0
"ENSG00000249169.1",0,0,0,0
"ENSG00000249174.1",0,0,0,0
"ENSG00000249175.1",0,0,0,0
"ENSG00000249180.1",0,0,0,0
"ENSG00000249183.1",0,0,0,0
"ENSG00000249186.2",0,0,0,0
"ENSG00000249191.1",0,0,0,0
"ENSG00000249192.1",0,0,0,0
"ENSG00000249198.1",0,0,0,0
"ENSG00000249199.2",0,0,1,1
"ENSG00000249201.2",0,0,0,0
"ENSG00000249203.2",0,0,0,0
"ENSG00000249206.2",0,0,0,0
"ENSG00000249215.1",1,0,0,0
"ENSG00000249226.1",0,0,0,0
"ENSG00000249229.2",0,0,0,0
"ENSG00000249230.1",0,0,0,0
"ENSG00000249236.2",0,0,0,0
"ENSG00000249238.1",0,0,0,0
"ENSG00000249249.2",3,0,0,3
"ENSG00000249261.1",0,0,0,0
"ENSG00000249266.1",1,0,0,0
"ENSG00000249270.1",0,0,0,0
"ENSG00000249276.1",0,0,0,0
"ENSG00000249279.6",11,6,6,9
"ENSG00000249282.1",0,0,0,0
"ENSG00000249285.1",0,0,0,0
"ENSG00000249286.1",18,31,19,27
"ENSG00000249287.1",0,0,0,0
"ENSG00000249289.1",0,0,0,0
"ENSG00000249293.1",0,0,0,0
"ENSG00000249295.1",0,0,0,0
"ENSG00000249301.1",0,0,0,0
"ENSG00000249306.6",5,5,1,2
"ENSG00000249312.1",0,0,0,0
"ENSG00000249318.1",0,0,0,0
"ENSG00000249326.1",0,0,0,0
"ENSG00000249332.2",0,0,0,0
"ENSG00000249335.2",0,0,0,0
"ENSG00000249338.1",0,0,0,0
"ENSG00000249343.3",0,0,0,0
"ENSG00000249349.1",0,0,0,0
"ENSG00000249352.4",0,0,0,0
"ENSG00000249353.2",34,30,29,29
"ENSG00000249359.3",1,0,0,0
"ENSG00000249360.1",1,0,0,0
"ENSG00000249362.2",0,0,0,0
"ENSG00000249363.1",0,2,1,1
"ENSG00000249364.6",0,0,1,0
"ENSG00000249372.1",0,0,0,0
"ENSG00000249380.1",0,0,0,0
"ENSG00000249396.2",0,0,0,0
"ENSG00000249400.1",0,0,0,0
"ENSG00000249403.1",0,0,0,0
"ENSG00000249404.1",0,0,0,0
"ENSG00000249405.1",0,0,0,0
"ENSG00000249410.1",0,0,0,0
"ENSG00000249412.1",0,0,0,0
"ENSG00000249418.2",0,0,0,0
"ENSG00000249421.2",1,3,0,0
"ENSG00000249426.1",0,0,1,0
"ENSG00000249429.1",0,0,0,0
"ENSG00000249433.1",0,0,0,0
"ENSG00000249436.2",0,0,0,0
"ENSG00000249437.8",140,201,210,223
"ENSG00000249438.2",0,0,0,0
"ENSG00000249439.1",0,0,0,0
"ENSG00000249444.2",0,0,0,0
"ENSG00000249448.1",0,0,0,0
"ENSG00000249449.1",0,0,0,0
"ENSG00000249454.1",0,0,0,0
"ENSG00000249476.2",7,6,5,15
"ENSG00000249478.1",0,0,0,0
"ENSG00000249483.1",0,0,0,0
"ENSG00000249484.9",0,2,0,0
"ENSG00000249485.1",6,10,5,7
"ENSG00000249486.1",0,0,0,0
"ENSG00000249490.2",0,0,0,0
"ENSG00000249491.1",0,0,0,0
"ENSG00000249492.2",5,1,0,11
"ENSG00000249494.6",0,0,0,0
"ENSG00000249495.1",0,0,0,0
"ENSG00000249503.1",0,0,0,0
"ENSG00000249504.3",0,0,0,0
"ENSG00000249514.1",0,0,0,0
"ENSG00000249515.1",0,0,0,0
"ENSG00000249516.1",0,0,0,0
"ENSG00000249518.1",0,0,0,0
"ENSG00000249521.1",0,0,0,0
"ENSG00000249526.1",0,0,0,0
"ENSG00000249541.1",0,0,1,0
"ENSG00000249545.1",0,0,0,0
"ENSG00000249551.1",0,0,0,0
"ENSG00000249553.1",0,0,0,0
"ENSG00000249557.2",0,0,0,0
"ENSG00000249562.1",0,0,0,0
"ENSG00000249572.1",13,7,9,16
"ENSG00000249577.1",0,0,0,0
"ENSG00000249579.2",0,0,0,0
"ENSG00000249582.1",0,0,0,0
"ENSG00000249584.1",0,0,0,0
"ENSG00000249588.1",0,0,0,0
"ENSG00000249593.6",0,0,0,1
"ENSG00000249600.1",0,0,0,0
"ENSG00000249601.2",0,0,0,0
"ENSG00000249605.1",0,0,0,0
"ENSG00000249607.1",0,0,0,0
"ENSG00000249610.1",0,0,0,0
"ENSG00000249616.1",0,0,0,0
"ENSG00000249619.1",0,0,0,0
"ENSG00000249620.1",0,0,0,0
"ENSG00000249621.1",0,0,0,0
"ENSG00000249637.2",6,8,2,3
"ENSG00000249638.1",0,0,0,0
"ENSG00000249639.1",0,0,0,0
"ENSG00000249647.2",0,0,0,0
"ENSG00000249650.1",0,0,0,0
"ENSG00000249655.1",0,3,3,5
"ENSG00000249662.6",0,0,0,0
"ENSG00000249664.1",1,1,0,1
"ENSG00000249668.1",0,0,0,0
"ENSG00000249669.10",0,0,2,3
"ENSG00000249684.6",5,2,10,5
"ENSG00000249688.1",0,0,0,0
"ENSG00000249689.1",0,0,0,0
"ENSG00000249697.1",0,0,0,0
"ENSG00000249713.1",0,0,0,0
"ENSG00000249721.1",0,0,0,0
"ENSG00000249722.1",0,0,0,0
"ENSG00000249731.1",4,0,0,0
"ENSG00000249736.1",0,0,0,1
"ENSG00000249737.1",0,0,0,0
"ENSG00000249738.10",3,3,3,3
"ENSG00000249740.3",11,5,4,9
"ENSG00000249743.6",0,0,0,0
"ENSG00000249744.1",0,0,0,0
"ENSG00000249746.1",0,0,0,0
"ENSG00000249748.1",0,0,0,0
"ENSG00000249751.4",5,3,0,3
"ENSG00000249761.1",0,0,0,0
"ENSG00000249768.2",0,0,0,0
"ENSG00000249772.1",0,0,0,0
"ENSG00000249774.1",0,0,0,0
"ENSG00000249776.5",0,0,0,0
"ENSG00000249777.1",0,0,0,0
"ENSG00000249778.1",0,0,0,0
"ENSG00000249779.1",0,0,3,2
"ENSG00000249781.7",0,0,0,0
"ENSG00000249782.2",0,0,0,0
"ENSG00000249785.3",0,0,0,0
"ENSG00000249787.2",0,0,0,0
"ENSG00000249791.1",0,0,0,0
"ENSG00000249792.1",0,0,0,0
"ENSG00000249797.2",0,0,0,0
"ENSG00000249803.6",0,0,0,0
"ENSG00000249807.1",0,0,0,0
"ENSG00000249808.3",0,0,0,0
"ENSG00000249825.6",0,1,2,5
"ENSG00000249829.2",0,0,0,0
"ENSG00000249830.1",0,0,0,0
"ENSG00000249834.3",0,0,0,0
"ENSG00000249835.2",0,0,0,0
"ENSG00000249842.1",0,0,0,0
"ENSG00000249843.1",0,0,0,0
"ENSG00000249849.1",0,0,1,2
"ENSG00000249850.1",2,1,2,1
"ENSG00000249851.1",0,0,0,0
"ENSG00000249854.3",0,0,0,0
"ENSG00000249855.1",4322,4087,2918,3849
"ENSG00000249856.1",0,0,0,0
"ENSG00000249857.1",0,0,0,0
"ENSG00000249865.1",0,0,0,0
"ENSG00000249876.1",0,0,0,0
"ENSG00000249878.1",0,0,0,0
"ENSG00000249881.1",0,0,0,0
"ENSG00000249888.1",0,0,1,0
"ENSG00000249894.1",1,2,1,1
"ENSG00000249899.6",0,0,0,0
"ENSG00000249904.1",0,0,0,0
"ENSG00000249908.2",0,0,0,0
"ENSG00000249915.8",1827,1926,1491,2104
"ENSG00000249916.1",0,0,0,0
"ENSG00000249919.1",0,0,0,0
"ENSG00000249921.2",0,1,0,2
"ENSG00000249927.1",0,0,0,0
"ENSG00000249928.2",0,0,0,0
"ENSG00000249937.8",0,0,0,0
"ENSG00000249941.1",0,0,0,0
"ENSG00000249944.1",0,0,0,0
"ENSG00000249947.2",1,1,2,0
"ENSG00000249950.1",0,0,0,0
"ENSG00000249958.1",0,0,0,0
"ENSG00000249959.6",0,0,0,0
"ENSG00000249963.1",0,0,0,0
"ENSG00000249966.1",0,0,0,0
"ENSG00000249971.1",0,0,0,0
"ENSG00000249977.1",0,0,0,0
"ENSG00000249981.1",0,0,0,0
"ENSG00000249984.1",0,0,0,0
"ENSG00000249990.1",0,0,0,0
"ENSG00000249994.1",0,0,0,0
"ENSG00000249996.1",3,0,1,4
"ENSG00000250001.1",0,0,0,0
"ENSG00000250013.1",0,0,0,0
"ENSG00000250015.1",0,0,0,0
"ENSG00000250017.1",0,0,0,0
"ENSG00000250020.1",0,1,0,0
"ENSG00000250025.2",0,0,0,0
"ENSG00000250032.1",0,0,0,0
"ENSG00000250037.1",0,0,0,0
"ENSG00000250045.2",0,0,0,0
"ENSG00000250048.2",0,0,0,0
"ENSG00000250049.7",0,0,0,0
"ENSG00000250056.8",0,0,0,0
"ENSG00000250060.2",0,0,0,0
"ENSG00000250066.1",0,0,0,0
"ENSG00000250069.1",1,2,1,0
"ENSG00000250071.1",2,1,0,0
"ENSG00000250072.6",46,60,42,49
"ENSG00000250079.1",0,0,0,0
"ENSG00000250080.1",0,0,0,0
"ENSG00000250081.1",13,8,2,2
"ENSG00000250088.1",0,0,0,0
"ENSG00000250095.5",0,0,0,0
"ENSG00000250099.1",0,0,0,0
"ENSG00000250101.1",0,0,0,0
"ENSG00000250106.1",0,0,0,0
"ENSG00000250114.1",0,0,0,0
"ENSG00000250118.1",2,1,0,1
"ENSG00000250120.8",31,16,13,23
"ENSG00000250122.1",0,0,0,0
"ENSG00000250124.1",0,0,0,0
"ENSG00000250127.1",1,0,0,0
"ENSG00000250138.4",0,0,0,0
"ENSG00000250140.1",0,0,0,0
"ENSG00000250145.1",0,0,0,0
"ENSG00000250148.1",0,1,0,0
"ENSG00000250155.2",0,4,0,0
"ENSG00000250156.3",0,0,0,0
"ENSG00000250158.1",0,0,0,0
"ENSG00000250159.7",43,39,18,16
"ENSG00000250162.1",0,0,0,0
"ENSG00000250164.1",0,0,0,0
"ENSG00000250167.1",0,1,0,0
"ENSG00000250173.1",0,0,0,0
"ENSG00000250182.3",14066,14406,9906,14270
"ENSG00000250194.1",0,0,0,0
"ENSG00000250197.1",0,0,0,2
"ENSG00000250198.3",3,1,4,3
"ENSG00000250221.1",0,0,0,0
"ENSG00000250222.2",7,7,7,3
"ENSG00000250234.1",0,0,0,0
"ENSG00000250237.1",0,0,0,0
"ENSG00000250240.6",17,13,1,6
"ENSG00000250242.1",0,0,0,0
"ENSG00000250244.5",0,0,0,0
"ENSG00000250247.1",0,0,0,0
"ENSG00000250250.2",0,0,0,0
"ENSG00000250253.3",0,0,1,0
"ENSG00000250256.1",0,0,0,0
"ENSG00000250258.1",0,0,0,0
"ENSG00000250260.1",0,0,0,0
"ENSG00000250273.1",240,171,107,169
"ENSG00000250274.2",0,0,0,0
"ENSG00000250284.3",0,0,0,0
"ENSG00000250289.1",0,0,0,0
"ENSG00000250306.1",0,0,0,0
"ENSG00000250308.2",0,0,0,0
"ENSG00000250309.2",0,0,0,0
"ENSG00000250313.3",0,0,0,0
"ENSG00000250319.1",0,0,0,0
"ENSG00000250320.6",6,8,3,1
"ENSG00000250328.6",0,0,0,0
"ENSG00000250329.1",1,1,0,0
"ENSG00000250330.1",0,0,0,0
"ENSG00000250331.2",0,1,0,0
"ENSG00000250332.1",22,21,8,19
"ENSG00000250337.7",6,5,9,5
"ENSG00000250343.1",0,0,0,0
"ENSG00000250346.1",1,0,0,0
"ENSG00000250347.1",0,0,0,0
"ENSG00000250348.1",0,0,0,0
"ENSG00000250351.1",0,0,0,0
"ENSG00000250358.6",0,0,0,0
"ENSG00000250359.1",0,0,0,0
"ENSG00000250360.1",0,0,0,0
"ENSG00000250362.1",6,2,2,2
"ENSG00000250377.2",0,0,0,0
"ENSG00000250378.4",0,0,0,0
"ENSG00000250383.1",0,0,0,0
"ENSG00000250385.2",0,0,0,0
"ENSG00000250386.1",0,0,0,0
"ENSG00000250387.3",0,0,0,1
"ENSG00000250389.1",0,0,0,0
"ENSG00000250391.1",0,0,0,0
"ENSG00000250402.2",0,0,0,0
"ENSG00000250405.2",0,0,0,0
"ENSG00000250407.1",0,0,0,0
"ENSG00000250409.1",0,0,0,0
"ENSG00000250415.1",0,0,0,0
"ENSG00000250417.1",0,0,0,0
"ENSG00000250418.1",0,0,0,0
"ENSG00000250420.8",0,0,0,0
"ENSG00000250421.5",0,0,0,0
"ENSG00000250422.1",0,0,0,0
"ENSG00000250427.1",0,0,0,0
"ENSG00000250437.1",0,0,0,0
"ENSG00000250438.1",0,0,0,0
"ENSG00000250441.1",0,0,0,0
"ENSG00000250444.1",9,8,6,6
"ENSG00000250446.1",0,0,0,0
"ENSG00000250447.6",0,0,0,1
"ENSG00000250448.1",0,0,0,0
"ENSG00000250453.2",0,0,0,0
"ENSG00000250455.1",0,0,0,0
"ENSG00000250461.1",0,2,1,0
"ENSG00000250472.1",0,0,0,0
"ENSG00000250480.3",0,0,0,0
"ENSG00000250481.2",0,0,0,0
"ENSG00000250482.3",0,0,0,0
"ENSG00000250490.1",0,1,0,0
"ENSG00000250492.1",85,73,53,77
"ENSG00000250509.2",0,0,0,0
"ENSG00000250515.1",0,0,0,0
"ENSG00000250524.1",0,0,0,0
"ENSG00000250526.1",9,10,2,7
"ENSG00000250529.1",0,0,0,0
"ENSG00000250539.1",1,14,14,11
"ENSG00000250544.2",0,0,0,0
"ENSG00000250551.1",0,0,0,1
"ENSG00000250555.2",0,0,0,0
"ENSG00000250564.2",0,0,0,0
"ENSG00000250567.1",0,0,0,0
"ENSG00000250574.1",0,0,0,0
"ENSG00000250576.1",0,0,0,0
"ENSG00000250579.2",0,0,0,0
"ENSG00000250583.1",0,0,2,0
"ENSG00000250584.3",0,0,1,3
"ENSG00000250585.3",0,0,0,0
"ENSG00000250587.2",0,0,0,0
"ENSG00000250600.1",0,0,0,0
"ENSG00000250602.6",0,0,0,0
"ENSG00000250603.1",0,0,0,0
"ENSG00000250615.1",0,0,1,0
"ENSG00000250619.1",0,0,0,0
"ENSG00000250629.1",0,0,0,1
"ENSG00000250635.1",0,0,0,0
"ENSG00000250645.1",5,7,5,2
"ENSG00000250650.1",0,0,0,0
"ENSG00000250662.1",0,0,0,0
"ENSG00000250667.1",0,0,0,0
"ENSG00000250668.2",0,0,0,0
"ENSG00000250669.1",0,0,0,0
"ENSG00000250672.1",0,0,0,0
"ENSG00000250674.1",0,0,0,0
"ENSG00000250678.1",0,0,0,0
"ENSG00000250682.6",0,0,0,0
"ENSG00000250687.6",0,0,0,0
"ENSG00000250692.1",0,0,0,0
"ENSG00000250694.1",0,0,0,0
"ENSG00000250697.2",2,2,0,0
"ENSG00000250703.1",0,0,0,0
"ENSG00000250705.1",0,0,0,1
"ENSG00000250711.1",0,0,0,0
"ENSG00000250715.1",0,0,0,0
"ENSG00000250716.1",0,0,0,0
"ENSG00000250721.1",0,0,0,0
"ENSG00000250722.6",3,0,0,0
"ENSG00000250728.1",0,0,0,0
"ENSG00000250730.2",0,0,0,0
"ENSG00000250732.1",2,0,0,0
"ENSG00000250747.1",0,0,0,0
"ENSG00000250749.1",0,0,0,0
"ENSG00000250761.2",0,0,0,0
"ENSG00000250764.1",0,2,1,2
"ENSG00000250765.6",0,3,4,2
"ENSG00000250767.1",0,0,2,0
"ENSG00000250782.1",0,0,0,0
"ENSG00000250786.2",0,0,0,0
"ENSG00000250787.1",0,0,2,0
"ENSG00000250801.2",0,0,0,0
"ENSG00000250802.7",103,88,54,73
"ENSG00000250803.6",1,0,1,1
"ENSG00000250806.2",0,0,0,0
"ENSG00000250808.1",3,0,0,1
"ENSG00000250814.3",0,0,0,0
"ENSG00000250816.1",0,0,0,0
"ENSG00000250820.1",0,0,0,0
"ENSG00000250822.1",0,0,0,0
"ENSG00000250827.1",0,0,0,0
"ENSG00000250830.1",0,0,0,0
"ENSG00000250831.1",0,0,0,0
"ENSG00000250842.1",0,0,0,1
"ENSG00000250847.1",0,0,0,0
"ENSG00000250848.1",43,55,43,36
"ENSG00000250853.1",0,1,0,1
"ENSG00000250859.1",240,174,105,143
"ENSG00000250860.1",0,0,0,0
"ENSG00000250862.1",0,0,0,0
"ENSG00000250866.1",0,0,0,0
"ENSG00000250874.1",0,0,0,0
"ENSG00000250882.1",0,0,0,0
"ENSG00000250885.1",0,0,0,0
"ENSG00000250886.1",0,0,0,0
"ENSG00000250888.1",0,0,0,0
"ENSG00000250891.2",0,0,0,0
"ENSG00000250895.1",0,0,0,0
"ENSG00000250900.6",0,1,0,0
"ENSG00000250909.1",0,0,0,0
"ENSG00000250914.1",0,0,0,0
"ENSG00000250921.2",0,0,0,0
"ENSG00000250928.1",0,0,0,0
"ENSG00000250947.1",0,0,0,0
"ENSG00000250949.1",0,0,0,0
"ENSG00000250955.1",0,0,0,0
"ENSG00000250956.1",0,0,0,0
"ENSG00000250958.1",0,0,0,0
"ENSG00000250961.2",0,1,0,2
"ENSG00000250972.1",0,0,0,0
"ENSG00000250974.4",0,0,0,0
"ENSG00000250978.5",0,0,0,0
"ENSG00000250981.1",0,0,0,0
"ENSG00000250984.1",0,0,0,0
"ENSG00000250992.2",0,0,0,0
"ENSG00000250994.1",0,0,0,0
"ENSG00000250999.2",2,10,10,7
"ENSG00000251000.1",13,14,5,14
"ENSG00000251001.1",0,0,0,0
"ENSG00000251014.1",0,0,0,0
"ENSG00000251018.2",0,0,0,0
"ENSG00000251023.1",6,8,7,11
"ENSG00000251026.2",0,0,0,0
"ENSG00000251027.2",0,0,0,0
"ENSG00000251031.2",0,0,0,0
"ENSG00000251032.1",0,2,0,1
"ENSG00000251033.1",0,0,0,0
"ENSG00000251035.1",0,0,0,0
"ENSG00000251044.2",0,0,0,0
"ENSG00000251045.1",0,0,0,0
"ENSG00000251050.1",1,0,1,2
"ENSG00000251054.1",0,0,0,0
"ENSG00000251062.1",4,2,3,6
"ENSG00000251066.1",0,0,1,0
"ENSG00000251072.2",0,0,0,0
"ENSG00000251076.1",0,0,0,0
"ENSG00000251078.1",0,0,0,0
"ENSG00000251093.1",0,0,0,0
"ENSG00000251099.2",0,0,0,0
"ENSG00000251102.1",51,38,34,26
"ENSG00000251107.1",0,0,0,0
"ENSG00000251108.1",0,0,0,0
"ENSG00000251112.2",0,0,0,0
"ENSG00000251118.1",0,0,0,0
"ENSG00000251122.1",0,1,0,0
"ENSG00000251125.1",0,0,0,0
"ENSG00000251131.2",0,4,0,2
"ENSG00000251132.1",0,0,0,0
"ENSG00000251135.2",0,0,0,0
"ENSG00000251141.6",28,15,11,19
"ENSG00000251144.1",0,1,2,0
"ENSG00000251158.1",0,0,0,0
"ENSG00000251163.1",0,0,0,0
"ENSG00000251168.1",0,0,0,0
"ENSG00000251169.2",0,0,0,0
"ENSG00000251183.1",0,0,0,0
"ENSG00000251187.5",0,0,0,0
"ENSG00000251189.1",0,0,0,0
"ENSG00000251193.1",0,0,0,0
"ENSG00000251196.1",0,0,0,0
"ENSG00000251201.8",494,392,348,424
"ENSG00000251204.1",0,1,0,0
"ENSG00000251205.3",0,0,0,0
"ENSG00000251206.1",0,0,0,0
"ENSG00000251211.1",1,0,0,0
"ENSG00000251214.1",0,0,0,0
"ENSG00000251215.1",1,0,0,0
"ENSG00000251221.1",6,3,1,0
"ENSG00000251235.3",1,2,0,0
"ENSG00000251237.1",0,1,0,0
"ENSG00000251243.1",0,0,0,0
"ENSG00000251250.3",0,0,0,0
"ENSG00000251257.2",2,0,1,1
"ENSG00000251261.4",0,0,0,0
"ENSG00000251273.4",33,64,43,44
"ENSG00000251279.1",0,0,0,0
"ENSG00000251281.1",0,0,1,0
"ENSG00000251293.1",0,0,0,0
"ENSG00000251294.1",0,0,0,0
"ENSG00000251303.1",0,0,0,0
"ENSG00000251306.1",0,0,0,0
"ENSG00000251307.1",2,0,0,2
"ENSG00000251311.1",0,0,0,0
"ENSG00000251314.2",0,0,0,0
"ENSG00000251320.1",0,0,0,0
"ENSG00000251324.1",0,0,0,0
"ENSG00000251330.3",0,0,0,0
"ENSG00000251340.1",0,0,0,0
"ENSG00000251342.1",0,0,0,0
"ENSG00000251348.1",4,6,8,7
"ENSG00000251352.1",0,0,0,0
"ENSG00000251356.1",0,0,0,0
"ENSG00000251361.1",0,0,1,0
"ENSG00000251365.4",43,39,48,84
"ENSG00000251366.1",0,0,0,0
"ENSG00000251367.1",0,0,0,0
"ENSG00000251368.1",0,0,0,0
"ENSG00000251370.1",0,0,0,0
"ENSG00000251371.1",0,0,0,0
"ENSG00000251374.1",0,0,2,0
"ENSG00000251376.1",0,0,0,0
"ENSG00000251380.3",0,0,0,0
"ENSG00000251387.1",0,0,0,0
"ENSG00000251389.1",0,0,0,0
"ENSG00000251391.5",1,2,0,0
"ENSG00000251395.1",0,0,0,0
"ENSG00000251400.1",0,0,0,1
"ENSG00000251405.3",0,4,3,3
"ENSG00000251409.1",0,0,0,0
"ENSG00000251414.1",0,1,0,0
"ENSG00000251419.1",0,0,0,0
"ENSG00000251421.2",0,0,0,0
"ENSG00000251423.3",0,0,0,0
"ENSG00000251426.1",0,0,0,0
"ENSG00000251435.1",0,0,0,1
"ENSG00000251443.2",0,0,0,0
"ENSG00000251446.1",0,0,0,0
"ENSG00000251450.2",0,0,0,1
"ENSG00000251453.1",0,0,0,0
"ENSG00000251456.1",0,0,0,0
"ENSG00000251458.1",0,0,0,0
"ENSG00000251467.1",1,0,0,1
"ENSG00000251476.2",0,0,0,0
"ENSG00000251477.1",0,0,0,0
"ENSG00000251478.1",0,0,0,0
"ENSG00000251487.1",0,0,0,0
"ENSG00000251493.5",1632,1483,1135,1655
"ENSG00000251495.1",2,2,1,4
"ENSG00000251506.1",0,0,0,0
"ENSG00000251513.2",0,1,1,0
"ENSG00000251515.1",0,0,0,0
"ENSG00000251518.1",0,0,0,1
"ENSG00000251532.1",0,0,0,0
"ENSG00000251538.7",0,0,0,0
"ENSG00000251542.1",0,0,0,0
"ENSG00000251543.1",0,0,0,0
"ENSG00000251544.1",0,0,0,0
"ENSG00000251545.2",0,0,0,0
"ENSG00000251548.1",5,1,0,0
"ENSG00000251549.2",0,0,0,0
"ENSG00000251552.1",0,0,0,0
"ENSG00000251553.1",1,2,0,1
"ENSG00000251556.1",0,0,0,0
"ENSG00000251566.1",0,0,0,0
"ENSG00000251568.1",0,0,0,0
"ENSG00000251573.2",0,0,0,0
"ENSG00000251574.8",0,0,2,0
"ENSG00000251575.3",0,0,0,0
"ENSG00000251583.1",4,5,4,9
"ENSG00000251585.1",0,0,0,0
"ENSG00000251591.2",0,0,0,0
"ENSG00000251593.1",136,179,134,204
"ENSG00000251597.1",0,0,0,0
"ENSG00000251599.1",0,0,0,0
"ENSG00000251601.1",0,0,0,0
"ENSG00000251604.1",1,6,0,1
"ENSG00000251605.1",0,0,0,0
"ENSG00000251613.4",0,0,0,0
"ENSG00000251616.1",0,0,0,0
"ENSG00000251623.2",0,0,0,0
"ENSG00000251627.1",0,0,0,0
"ENSG00000251629.7",0,2,1,0
"ENSG00000251634.2",0,7,31,17
"ENSG00000251648.2",0,2,0,0
"ENSG00000251654.2",0,0,0,0
"ENSG00000251656.1",0,0,0,0
"ENSG00000251663.1",0,0,0,0
"ENSG00000251664.5",0,0,7,0
"ENSG00000251666.1",20,9,11,14
"ENSG00000251667.1",3,9,7,5
"ENSG00000251668.2",0,0,0,0
"ENSG00000251670.1",0,0,0,0
"ENSG00000251675.1",0,0,0,0
"ENSG00000251678.1",0,0,0,0
"ENSG00000251680.6",5,1,0,0
"ENSG00000251682.1",0,1,0,0
"ENSG00000251724.1",0,0,0,0
"ENSG00000251732.1",0,0,0,0
"ENSG00000251741.1",0,0,0,0
"ENSG00000251828.1",0,0,0,0
"ENSG00000251842.1",0,0,0,0
"ENSG00000251856.1",0,0,0,0
"ENSG00000251873.1",0,0,0,0
"ENSG00000251880.1",0,0,0,0
"ENSG00000251887.2",0,0,0,0
"ENSG00000251951.1",0,0,0,0
"ENSG00000251975.1",0,0,0,0
"ENSG00000251983.1",0,0,0,0
"ENSG00000251990.1",0,0,0,0
"ENSG00000251998.1",0,0,0,0
"ENSG00000252068.1",0,0,0,0
"ENSG00000252083.1",0,0,0,0
"ENSG00000252108.1",0,0,0,0
"ENSG00000252169.1",0,0,0,0
"ENSG00000252185.1",0,0,0,0
"ENSG00000252202.1",0,0,0,0
"ENSG00000252213.1",0,0,0,0
"ENSG00000252337.1",0,0,0,0
"ENSG00000252341.1",0,0,0,0
"ENSG00000252373.1",0,0,0,0
"ENSG00000252458.1",0,0,0,0
"ENSG00000252464.1",0,1,2,0
"ENSG00000252514.1",0,0,0,0
"ENSG00000252533.1",0,0,0,0
"ENSG00000252601.1",0,0,0,0
"ENSG00000252671.1",0,0,0,0
"ENSG00000252684.1",0,0,0,0
"ENSG00000252794.1",0,0,0,0
"ENSG00000252833.1",0,0,0,0
"ENSG00000252861.1",0,0,0,0
"ENSG00000252867.1",0,0,0,0
"ENSG00000252881.1",0,0,0,0
"ENSG00000252904.1",0,0,0,0
"ENSG00000252908.1",0,0,0,0
"ENSG00000253015.1",0,0,0,0
"ENSG00000253023.1",0,0,0,0
"ENSG00000253032.1",0,0,0,0
"ENSG00000253057.1",0,0,0,0
"ENSG00000253065.1",0,0,0,0
"ENSG00000253067.1",0,0,0,0
"ENSG00000253073.1",0,0,0,0
"ENSG00000253093.1",0,0,0,0
"ENSG00000253098.1",0,0,0,0
"ENSG00000253104.1",0,0,0,0
"ENSG00000253109.1",0,0,0,0
"ENSG00000253110.1",0,0,0,0
"ENSG00000253119.1",0,0,0,1
"ENSG00000253134.1",0,0,0,0
"ENSG00000253141.2",0,0,0,0
"ENSG00000253144.1",2,0,0,0
"ENSG00000253146.1",0,2,0,1
"ENSG00000253155.1",0,0,0,0
"ENSG00000253159.3",2,4,6,3
"ENSG00000253163.1",0,0,0,0
"ENSG00000253172.1",0,0,0,0
"ENSG00000253203.6",38,46,27,39
"ENSG00000253213.1",1,1,6,3
"ENSG00000253218.1",2,2,2,3
"ENSG00000253219.1",0,0,0,0
"ENSG00000253224.1",0,0,0,0
"ENSG00000253236.2",0,0,0,0
"ENSG00000253244.1",0,0,0,0
"ENSG00000253251.3",154,115,87,136
"ENSG00000253256.1",0,1,0,0
"ENSG00000253261.1",0,0,0,0
"ENSG00000253269.1",0,0,0,0
"ENSG00000253295.2",0,0,0,0
"ENSG00000253297.1",0,0,0,0
"ENSG00000253298.2",0,0,0,0
"ENSG00000253305.2",1,4,0,6
"ENSG00000253311.3",0,0,0,1
"ENSG00000253315.1",0,0,0,0
"ENSG00000253321.1",0,0,0,0
"ENSG00000253331.1",0,0,0,0
"ENSG00000253333.1",0,0,3,0
"ENSG00000253348.1",0,0,0,0
"ENSG00000253357.1",0,0,0,0
"ENSG00000253366.3",0,0,0,0
"ENSG00000253370.2",0,0,0,0
"ENSG00000253403.1",0,0,0,0
"ENSG00000253404.1",2,0,2,1
"ENSG00000253406.1",0,0,0,0
"ENSG00000253417.5",0,1,1,1
"ENSG00000253422.1",0,0,0,0
"ENSG00000253424.1",0,0,0,0
"ENSG00000253428.1",0,0,0,0
"ENSG00000253439.1",0,0,0,0
"ENSG00000253445.1",0,0,0,0
"ENSG00000253447.6",0,0,0,0
"ENSG00000253449.1",0,0,0,0
"ENSG00000253456.1",0,0,0,0
"ENSG00000253469.1",0,0,0,0
"ENSG00000253472.1",0,0,0,0
"ENSG00000253480.1",0,0,0,0
"ENSG00000253485.2",10,5,8,6
"ENSG00000253492.1",0,0,0,0
"ENSG00000253512.1",0,0,0,0
"ENSG00000253519.1",0,0,0,0
"ENSG00000253520.1",0,0,0,0
"ENSG00000253522.6",58,87,83,74
"ENSG00000253527.1",0,0,0,0
"ENSG00000253536.1",0,0,0,0
"ENSG00000253537.3",13,7,6,7
"ENSG00000253538.1",0,0,0,0
"ENSG00000253558.1",0,1,3,3
"ENSG00000253572.2",0,0,0,0
"ENSG00000253584.1",0,0,0,0
"ENSG00000253591.2",0,0,0,0
"ENSG00000253600.1",0,0,0,0
"ENSG00000253613.2",0,0,0,0
"ENSG00000253617.2",0,0,0,0
"ENSG00000253618.1",0,0,0,0
"ENSG00000253628.2",0,0,0,0
"ENSG00000253630.1",0,0,1,0
"ENSG00000253646.1",0,0,0,0
"ENSG00000253647.1",0,0,0,0
"ENSG00000253652.1",0,0,0,0
"ENSG00000253653.1",0,0,0,0
"ENSG00000253660.1",0,0,0,0
"ENSG00000253673.1",0,0,0,0
"ENSG00000253683.1",186,267,211,307
"ENSG00000253686.2",0,0,0,0
"ENSG00000253687.1",0,0,0,0
"ENSG00000253693.1",0,0,0,0
"ENSG00000253698.1",0,0,0,0
"ENSG00000253713.1",0,0,0,0
"ENSG00000253725.1",0,0,0,0
"ENSG00000253731.3",45,42,44,55
"ENSG00000253736.3",0,1,0,0
"ENSG00000253743.1",0,0,0,0
"ENSG00000253744.1",0,0,0,0
"ENSG00000253766.1",0,0,0,0
"ENSG00000253767.2",4,2,6,2
"ENSG00000253768.1",0,0,0,0
"ENSG00000253772.1",0,0,0,0
"ENSG00000253776.1",0,0,0,0
"ENSG00000253785.1",20,16,8,15
"ENSG00000253787.1",0,0,0,0
"ENSG00000253792.1",0,0,0,0
"ENSG00000253798.2",0,0,0,0
"ENSG00000253801.2",0,0,0,0
"ENSG00000253807.6",0,0,0,0
"ENSG00000253811.1",0,0,0,0
"ENSG00000253816.3",14,4,13,11
"ENSG00000253846.2",79,108,79,103
"ENSG00000253852.1",0,0,0,0
"ENSG00000253858.1",0,0,0,0
"ENSG00000253861.1",0,0,0,0
"ENSG00000253865.1",0,0,0,0
"ENSG00000253869.1",3,2,2,1
"ENSG00000253873.6",14,8,16,17
"ENSG00000253886.1",1,0,0,1
"ENSG00000253897.2",0,0,0,0
"ENSG00000253900.1",0,0,0,0
"ENSG00000253908.1",0,0,0,0
"ENSG00000253910.2",67,41,65,50
"ENSG00000253921.1",0,0,0,0
"ENSG00000253925.1",0,0,0,0
"ENSG00000253927.1",0,0,0,0
"ENSG00000253940.1",0,0,0,0
"ENSG00000253946.1",0,0,0,0
"ENSG00000253947.1",0,0,0,0
"ENSG00000253953.3",0,2,2,4
"ENSG00000253955.2",0,0,0,0
"ENSG00000253959.1",0,0,0,0
"ENSG00000253965.1",0,0,0,0
"ENSG00000253966.1",2,1,1,0
"ENSG00000253968.2",0,0,1,0
"ENSG00000253978.2",3,0,0,1
"ENSG00000253979.1",0,0,0,0
"ENSG00000253980.1",0,0,0,0
"ENSG00000253985.1",0,0,0,0
"ENSG00000254011.1",0,0,0,0
"ENSG00000254012.1",228,191,139,176
"ENSG00000254035.1",0,0,0,0
"ENSG00000254042.2",0,1,1,2
"ENSG00000254047.2",0,0,0,0
"ENSG00000254066.2",0,0,0,0
"ENSG00000254099.1",0,0,0,0
"ENSG00000254106.1",0,0,0,0
"ENSG00000254122.3",89,73,70,116
"ENSG00000254130.1",0,0,0,0
"ENSG00000254132.1",1,0,0,0
"ENSG00000254135.3",0,0,0,0
"ENSG00000254138.1",0,0,0,0
"ENSG00000254158.1",0,0,0,0
"ENSG00000254163.1",0,0,0,0
"ENSG00000254164.1",0,0,0,0
"ENSG00000254170.1",1,0,2,4
"ENSG00000254171.1",0,0,0,0
"ENSG00000254186.3",0,0,1,2
"ENSG00000254187.1",0,0,0,0
"ENSG00000254192.1",0,0,0,0
"ENSG00000254200.1",0,0,0,0
"ENSG00000254211.6",0,0,0,0
"ENSG00000254221.2",55,13,18,15
"ENSG00000254226.6",0,0,1,0
"ENSG00000254239.1",0,0,0,0
"ENSG00000254245.3",0,4,2,2
"ENSG00000254246.1",0,0,0,0
"ENSG00000254252.1",0,0,0,0
"ENSG00000254256.1",3,2,0,1
"ENSG00000254293.1",0,0,0,0
"ENSG00000254295.1",0,1,1,0
"ENSG00000254297.1",0,0,0,0
"ENSG00000254298.1",0,0,0,0
"ENSG00000254299.3",0,0,0,0
"ENSG00000254310.1",0,0,0,0
"ENSG00000254328.1",0,1,0,0
"ENSG00000254333.1",0,0,0,0
"ENSG00000254336.1",38,15,0,22
"ENSG00000254350.1",0,0,0,0
"ENSG00000254351.1",0,0,0,0
"ENSG00000254363.6",1,2,4,4
"ENSG00000254365.1",0,0,0,0
"ENSG00000254373.1",30,30,17,23
"ENSG00000254391.1",0,0,0,0
"ENSG00000254701.3",25,32,0,28
"ENSG00000254893.6",217,152,104,173
"ENSG00000254996.5",1069,840,637,1017
"ENSG00000255408.4",0,0,0,0
"ENSG00000255622.3",0,0,0,1
"ENSG00000255647.3",1,0,2,0
"ENSG00000255833.2",0,0,0,0
"ENSG00000255883.1",33,42,22,37
"ENSG00000256235.2",106,119,72,82
"ENSG00000256453.2",33,59,37,35
"ENSG00000258864.1",0,0,0,0
"ENSG00000259603.1",0,0,0,0
"ENSG00000259663.2",10,7,7,6
"ENSG00000259757.1",0,0,0,0
"ENSG00000259786.7",0,1,2,1
"ENSG00000259802.1",12,29,9,21
"ENSG00000259861.1",0,0,0,0
"ENSG00000259968.3",0,1,0,0
"ENSG00000260066.1",0,0,0,0
"ENSG00000260192.3",0,0,0,0
"ENSG00000260515.1",0,0,0,0
"ENSG00000260581.1",0,0,0,0
"ENSG00000260686.1",0,0,0,0
"ENSG00000260761.1",0,0,0,0
"ENSG00000260763.1",3,5,0,0
"ENSG00000260774.1",23,27,11,7
"ENSG00000260786.1",0,0,0,0
"ENSG00000260871.1",0,0,0,1
"ENSG00000260981.1",0,0,0,0
"ENSG00000261036.2",0,0,0,0
"ENSG00000261037.1",1,0,0,0
"ENSG00000261269.1",0,0,0,0
"ENSG00000261360.1",8,11,6,3
"ENSG00000261382.1",0,0,0,0
"ENSG00000261434.1",0,0,0,0
"ENSG00000261604.1",2,1,0,0
"ENSG00000261757.1",0,0,0,0
"ENSG00000261934.2",10,16,15,18
"ENSG00000262096.2",0,4,2,1
"ENSG00000262209.3",16,21,6,14
"ENSG00000262211.1",1,1,2,0
"ENSG00000262576.3",29,9,17,30
"ENSG00000263361.1",0,0,3,0
"ENSG00000263432.2",5,2,0,2
"ENSG00000263556.2",0,0,0,0
"ENSG00000263593.1",0,0,0,0
"ENSG00000263597.1",0,0,0,0
"ENSG00000263670.1",0,0,0,0
"ENSG00000263746.1",0,0,0,0
"ENSG00000263831.1",0,0,0,0
"ENSG00000263834.1",0,0,0,0
"ENSG00000263963.1",0,0,0,0
"ENSG00000264099.1",0,0,0,0
"ENSG00000264233.1",0,0,0,0
"ENSG00000264249.1",0,0,0,0
"ENSG00000264281.3",0,0,0,0
"ENSG00000264342.3",0,0,0,0
"ENSG00000264391.2",0,0,0,0
"ENSG00000264536.1",0,0,0,0
"ENSG00000264549.1",0,0,0,0
"ENSG00000264563.1",0,0,0,0
"ENSG00000264732.1",0,0,0,0
"ENSG00000264760.1",0,0,0,0
"ENSG00000264792.1",0,0,0,0
"ENSG00000265135.1",0,0,0,0
"ENSG00000265160.1",0,0,0,0
"ENSG00000265237.1",0,0,0,0
"ENSG00000265304.1",0,0,0,0
"ENSG00000265421.1",0,0,0,0
"ENSG00000265684.2",0,0,0,0
"ENSG00000265691.1",0,0,0,0
"ENSG00000265699.1",0,0,0,0
"ENSG00000265740.2",0,0,0,0
"ENSG00000265919.1",0,0,0,0
"ENSG00000265924.1",0,0,0,0
"ENSG00000266243.1",0,0,0,0
"ENSG00000266329.1",0,0,0,0
"ENSG00000266415.1",0,0,0,0
"ENSG00000266477.2",0,0,0,0
"ENSG00000266478.1",0,0,0,0
"ENSG00000266751.1",0,0,0,0
"ENSG00000266890.1",0,0,0,0
"ENSG00000268223.6",22,16,39,40
"ENSG00000268799.4",0,0,0,0
"ENSG00000268942.2",282,205,71,136
"ENSG00000269466.4",0,0,0,0
"ENSG00000269961.1",5,4,3,4
"ENSG00000269983.1",227,142,111,190
"ENSG00000270021.1",0,4,0,3
"ENSG00000270123.4",0,0,0,0
"ENSG00000270133.1",0,5,2,2
"ENSG00000270177.1",1,4,3,1
"ENSG00000270225.1",0,1,3,0
"ENSG00000270230.1",0,0,0,0
"ENSG00000270232.1",0,0,0,0
"ENSG00000270243.1",0,0,0,0
"ENSG00000270307.1",0,0,0,0
"ENSG00000270350.1",0,0,0,0
"ENSG00000270388.1",0,0,0,0
"ENSG00000270430.1",0,0,0,0
"ENSG00000270442.1",0,0,0,0
"ENSG00000270495.1",0,0,0,0
"ENSG00000270513.1",0,0,1,0
"ENSG00000270558.1",36,32,30,46
"ENSG00000270560.1",0,0,0,0
"ENSG00000270612.1",0,0,0,0
"ENSG00000270697.1",0,0,0,1
"ENSG00000270706.1",2,3,3,1
"ENSG00000270741.1",0,0,0,0
"ENSG00000270779.1",0,0,0,0
"ENSG00000270830.1",0,0,0,0
"ENSG00000270839.1",0,0,0,0
"ENSG00000270892.1",0,0,0,0
"ENSG00000270904.1",0,0,0,0
"ENSG00000270906.1",0,0,0,0
"ENSG00000270978.1",2,0,1,0
"ENSG00000270989.1",0,0,0,0
"ENSG00000271035.1",0,0,0,0
"ENSG00000271043.2",0,0,0,0
"ENSG00000271045.1",0,0,0,0
"ENSG00000271119.1",0,4,6,5
"ENSG00000271128.1",0,0,0,0
"ENSG00000271196.1",0,0,0,0
"ENSG00000271207.1",0,0,0,0
"ENSG00000271230.1",0,0,0,0
"ENSG00000271257.1",0,0,0,0
"ENSG00000271296.1",0,0,0,0
"ENSG00000271334.6",25,12,19,28
"ENSG00000271378.1",0,0,0,0
"ENSG00000271410.1",0,0,0,0
"ENSG00000271455.1",0,0,0,0
"ENSG00000271477.1",0,0,0,0
"ENSG00000271480.1",0,0,0,0
"ENSG00000271494.1",0,0,0,0
"ENSG00000271585.1",0,0,0,0
"ENSG00000271679.1",0,0,0,0
"ENSG00000271681.1",0,0,0,0
"ENSG00000271687.1",0,0,0,0
"ENSG00000271714.1",0,0,1,0
"ENSG00000271715.1",0,0,0,0
"ENSG00000271724.1",0,0,0,0
"ENSG00000271737.1",0,0,0,1
"ENSG00000271752.1",0,0,0,0
"ENSG00000271766.1",0,0,0,0
"ENSG00000271771.1",0,0,0,0
"ENSG00000271781.1",20,16,11,13
"ENSG00000271788.1",0,4,2,0
"ENSG00000271792.1",0,0,0,0
"ENSG00000271795.1",10,11,5,12
"ENSG00000271797.1",2,4,3,2
"ENSG00000271815.1",0,4,1,2
"ENSG00000271824.2",0,0,0,0
"ENSG00000271828.1",1,3,4,3
"ENSG00000271849.1",0,1,1,1
"ENSG00000271862.1",29,35,32,43
"ENSG00000271871.1",0,0,3,4
"ENSG00000271874.1",0,1,0,1
"ENSG00000271892.1",0,0,0,0
"ENSG00000271904.1",0,0,0,0
"ENSG00000271918.1",10,12,13,11
"ENSG00000271926.1",1,0,0,0
"ENSG00000271980.1",4,0,0,0
"ENSG00000271998.1",0,3,3,0
"ENSG00000272021.1",0,0,0,0
"ENSG00000272023.1",0,0,0,0
"ENSG00000272040.1",9,7,20,19
"ENSG00000272049.1",0,0,0,3
"ENSG00000272057.1",1,0,0,0
"ENSG00000272070.1",0,4,1,1
"ENSG00000272071.1",5,5,13,9
"ENSG00000272081.1",0,0,0,1
"ENSG00000272085.1",0,0,0,0
"ENSG00000272086.1",3,7,1,6
"ENSG00000272103.2",9,13,1,3
"ENSG00000272108.1",3,1,3,2
"ENSG00000272109.2",0,0,0,1
"ENSG00000272112.1",6,0,1,7
"ENSG00000272123.1",1,1,2,0
"ENSG00000272130.1",1,0,0,0
"ENSG00000272139.1",0,0,0,0
"ENSG00000272144.1",3,3,1,3
"ENSG00000272154.5",0,0,0,0
"ENSG00000272197.2",0,0,0,0
"ENSG00000272203.1",3,2,1,0
"ENSG00000272234.1",0,0,0,1
"ENSG00000272239.1",0,0,0,0
"ENSG00000272255.1",0,0,0,0
"ENSG00000272265.1",0,0,1,1
"ENSG00000272296.1",0,0,0,0
"ENSG00000272323.1",19,2,5,9
"ENSG00000272324.5",0,0,0,0
"ENSG00000272335.1",255,247,216,244
"ENSG00000272347.1",0,0,0,0
"ENSG00000272354.1",7,6,6,12
"ENSG00000272370.1",10,10,11,12
"ENSG00000272382.1",0,0,0,4
"ENSG00000272406.1",0,0,0,0
"ENSG00000272411.1",0,0,0,0
"ENSG00000272416.1",10,4,3,7
"ENSG00000272417.1",5,2,2,2
"ENSG00000272431.1",0,0,0,0
"ENSG00000272459.1",0,3,1,3
"ENSG00000272494.1",0,0,0,0
"ENSG00000272523.1",8,6,0,2
"ENSG00000272525.1",1,10,5,8
"ENSG00000272674.3",64,34,173,209
"ENSG00000272742.1",0,0,0,0
"ENSG00000272772.1",0,0,8,0
"ENSG00000273217.1",0,0,0,0
"ENSG00000273294.1",0,7,0,34
"ENSG00000273345.5",5,2,3,6
"ENSG00000273549.1",0,0,0,0
"ENSG00000273557.1",0,0,0,0
"ENSG00000273569.1",0,0,0,0
"ENSG00000273701.1",0,0,0,0
"ENSG00000273742.1",0,0,0,0
"ENSG00000273841.5",4839,3692,2763,4199
"ENSG00000273860.1",0,0,0,0
"ENSG00000273957.1",0,0,0,0
"ENSG00000274235.1",0,0,0,0
"ENSG00000274441.1",0,0,0,0
"ENSG00000274455.1",0,0,1,0
"ENSG00000274472.1",0,0,0,0
"ENSG00000274525.1",0,0,0,0
"ENSG00000274553.1",0,0,0,0
"ENSG00000274716.1",0,0,0,0
"ENSG00000274721.1",0,0,0,0
"ENSG00000274799.1",4,0,2,0
"ENSG00000274813.1",0,0,0,0
"ENSG00000274832.1",0,0,0,0
"ENSG00000274934.1",0,0,0,0
"ENSG00000274994.1",0,0,0,0
"ENSG00000275038.2",0,0,0,0
"ENSG00000275374.1",0,0,0,2
"ENSG00000275506.1",0,0,0,0
"ENSG00000275634.1",0,0,0,0
"ENSG00000275646.1",0,0,0,0
"ENSG00000275733.1",0,0,0,0
"ENSG00000275740.1",506,365,262,330
"ENSG00000275765.5",8,4,7,10
"ENSG00000275871.1",0,0,0,0
"ENSG00000275939.1",0,0,0,0
"ENSG00000276047.1",0,0,0,0
"ENSG00000276098.1",0,0,0,0
"ENSG00000276214.1",0,0,0,0
"ENSG00000276233.1",0,0,0,0
"ENSG00000276309.1",0,0,0,0
"ENSG00000276332.1",0,0,0,0
"ENSG00000276365.1",0,0,0,0
"ENSG00000276426.1",0,0,0,0
"ENSG00000276514.1",0,0,0,0
"ENSG00000276545.1",1,1,4,3
"ENSG00000276547.1",0,0,4,0
"ENSG00000276622.1",0,0,0,0
"ENSG00000276764.1",0,0,0,0
"ENSG00000276778.1",0,0,0,0
"ENSG00000276945.1",1,2,3,3
"ENSG00000277001.1",0,0,0,0
"ENSG00000277039.1",2,2,2,1
"ENSG00000277073.1",0,0,0,0
"ENSG00000277188.1",0,0,0,0
"ENSG00000277455.1",0,0,0,0
"ENSG00000277506.1",0,0,0,0
"ENSG00000277524.1",0,1,0,1
"ENSG00000277568.1",0,0,0,0
"ENSG00000277619.1",0,0,0,0
"ENSG00000277795.1",0,0,0,0
"ENSG00000277818.1",0,0,0,0
"ENSG00000277859.1",0,0,1,0
"ENSG00000277866.1",0,0,0,0
"ENSG00000277878.1",0,0,0,0
"ENSG00000277912.1",0,0,0,0
"ENSG00000277968.1",0,0,0,0
"ENSG00000278237.1",0,0,0,0
"ENSG00000278441.1",0,0,0,0
"ENSG00000278487.1",0,0,0,0
"ENSG00000278734.1",0,0,0,0
"ENSG00000278815.1",0,0,0,0
"ENSG00000278824.1",0,0,0,0
"ENSG00000278865.1",0,0,0,0
"ENSG00000278874.1",0,0,0,0
"ENSG00000278877.1",0,0,0,0
"ENSG00000278900.1",1,2,0,2
"ENSG00000278901.1",0,0,0,0
"ENSG00000278905.1",0,0,0,0
"ENSG00000278907.1",0,0,0,0
"ENSG00000278913.1",0,0,0,0
"ENSG00000278915.1",0,1,1,0
"ENSG00000278921.2",0,0,1,0
"ENSG00000278925.1",0,1,0,0
"ENSG00000278936.1",0,0,0,0
"ENSG00000278946.1",0,0,0,0
"ENSG00000278958.1",0,0,0,0
"ENSG00000278965.1",0,0,0,0
"ENSG00000278970.2",128,166,141,208
"ENSG00000279002.1",0,0,0,0
"ENSG00000279011.1",0,0,0,0
"ENSG00000279028.1",0,0,0,0
"ENSG00000279047.4",0,0,0,0
"ENSG00000279068.1",8,6,24,30
"ENSG00000279075.1",2,6,1,2
"ENSG00000279097.1",0,0,0,0
"ENSG00000279107.1",0,0,0,1
"ENSG00000279118.1",2,1,3,3
"ENSG00000279125.1",0,0,0,0
"ENSG00000279130.1",2,1,1,1
"ENSG00000279197.1",0,0,0,0
"ENSG00000279204.1",0,0,2,0
"ENSG00000279222.1",0,0,0,0
"ENSG00000279232.2",7,4,1,6
"ENSG00000279240.1",0,0,0,0
"ENSG00000279264.1",0,0,0,0
"ENSG00000279370.1",0,0,0,0
"ENSG00000279375.1",0,0,0,0
"ENSG00000279400.1",22,5,8,8
"ENSG00000279446.1",0,0,0,0
"ENSG00000279450.1",0,0,0,0
"ENSG00000279469.1",0,2,0,2
"ENSG00000279470.1",0,0,0,0
"ENSG00000279472.1",0,0,0,0
"ENSG00000279531.1",0,0,0,0
"ENSG00000279557.1",37,28,17,32
"ENSG00000279558.1",0,0,0,0
"ENSG00000279584.1",0,0,0,0
"ENSG00000279635.1",0,0,0,0
"ENSG00000279638.1",0,0,0,0
"ENSG00000279671.1",0,0,0,0
"ENSG00000279679.1",0,0,0,0
"ENSG00000279686.1",0,0,2,0
"ENSG00000279691.1",2,0,2,0
"ENSG00000279698.1",0,0,0,0
"ENSG00000279726.2",20,12,11,20
"ENSG00000279737.1",0,0,0,0
"ENSG00000279739.1",0,0,0,0
"ENSG00000279752.1",0,0,0,0
"ENSG00000279755.1",0,0,0,0
"ENSG00000279772.1",0,0,0,0
"ENSG00000279799.1",0,1,2,3
"ENSG00000279821.1",56,78,47,39
"ENSG00000279855.1",0,0,0,0
"ENSG00000279860.1",0,0,0,0
"ENSG00000279869.1",0,0,0,0
"ENSG00000279883.1",0,0,0,0
"ENSG00000279908.1",0,0,0,0
"ENSG00000279923.1",9,7,8,16
"ENSG00000279979.1",0,0,0,0
"ENSG00000279983.1",0,0,0,0
"ENSG00000279985.1",0,1,0,0
"ENSG00000279995.1",0,0,0,0
"ENSG00000280009.1",0,1,0,0
"ENSG00000280016.1",0,0,0,0
"ENSG00000280017.1",0,0,0,0
"ENSG00000280026.1",0,0,0,0
"ENSG00000280029.4",0,0,0,0
"ENSG00000280047.1",13,5,10,14
"ENSG00000280068.1",0,0,1,0
"ENSG00000280104.1",0,0,0,0
"ENSG00000280139.1",0,0,0,0
"ENSG00000280159.1",0,0,0,1
"ENSG00000280161.1",0,2,4,3
"ENSG00000280185.1",0,0,0,0
"ENSG00000280187.1",76,55,40,50
"ENSG00000280207.1",0,0,0,0
"ENSG00000280251.1",0,0,0,0
"ENSG00000280305.1",0,0,0,0
"ENSG00000280318.1",0,0,0,0
"ENSG00000280336.1",0,0,0,0
"ENSG00000280338.1",0,0,0,0
"ENSG00000280368.1",0,0,0,0
"ENSG00000280369.1",0,0,0,0
"ENSG00000280373.1",0,0,0,0
"ENSG00000280420.1",0,0,0,1
"ENSG00000280438.1",0,0,0,0
"ENSG00000280449.1",0,0,0,0
"ENSG00000280646.2",0,0,0,0
"ENSG00000280776.2",0,0,0,0
"ENSG00000280780.2",0,0,0,0
"ENSG00000280894.1",0,0,0,0
"ENSG00000280987.4",754,2883,335,621
"ENSG00000281327.2",3,1,1,2
"ENSG00000281357.3",7,15,6,9
"ENSG00000281398.4",1810,2038,1360,1609
"ENSG00000281560.1",0,0,1,0
"ENSG00000281938.2",0,0,0,0
"ENSG00000282925.1",0,0,0,0
"ENSG00000283155.1",0,0,0,0
"ENSG00000283235.2",11,5,3,0
"ENSG00000283286.1",0,0,0,0
"ENSG00000283288.1",0,0,0,0
"ENSG00000283359.1",0,0,0,0
"ENSG00000283413.1",0,0,0,0
"ENSG00000283420.1",0,0,0,0
"ENSG00000283462.2",0,0,0,0
"ENSG00000283498.1",0,0,0,1
"ENSG00000283559.2",0,3,4,0
"ENSG00000283602.1",0,0,0,0
"ENSG00000283612.1",0,0,0,0
"ENSG00000283653.1",0,0,0,0
"ENSG00000283678.1",0,0,0,0
"ENSG00000283717.1",0,0,0,0
"ENSG00000283733.1",0,0,0,0
"ENSG00000283740.1",0,0,0,0
"ENSG00000283776.1",0,0,0,0
"ENSG00000283782.2",179,171,120,203
"ENSG00000283897.2",5,2,0,0
"ENSG00000283967.1",0,0,0,0
"ENSG00000283988.1",0,0,0,0
"ENSG00000284000.1",0,0,0,0
"ENSG00000284042.1",0,0,0,0
"ENSG00000284078.1",0,0,0,0
"ENSG00000284182.1",0,0,0,0
"ENSG00000284234.1",0,0,0,0
"ENSG00000284283.1",0,0,0,0
"ENSG00000284325.1",0,0,0,0
"ENSG00000284336.1",0,0,0,0
"ENSG00000284373.1",0,0,0,0
"ENSG00000284439.1",0,0,0,0
"ENSG00000284447.1",0,0,0,0
"ENSG00000284465.1",0,0,0,0
"ENSG00000284762.1",2,8,0,0
"ENSG00000285000.1",278,115,108,125
"ENSG00000285042.1",186,177,157,211
"ENSG00000285151.1",0,0,0,0
"ENSG00000285190.1",2,0,0,1
"ENSG00000285366.1",0,0,0,0
"ENSG00000285420.1",0,0,0,0
"ENSG00000285476.1",0,0,0,0
"ENSG00000285522.1",0,0,0,0
"ENSG00000285549.1",0,0,0,0
"ENSG00000285552.1",0,0,0,0
"ENSG00000285590.1",0,0,0,0
"ENSG00000285605.1",0,0,0,0
"ENSG00000285616.1",0,0,0,1
"ENSG00000285618.1",0,0,0,0
"ENSG00000285689.1",0,0,0,0
"ENSG00000285736.1",0,0,0,0
"ENSG00000285804.2",5,11,7,2
"ENSG00000285809.1",0,0,0,0
"ENSG00000285831.1",0,0,0,0
"ENSG00000285865.1",0,0,0,0
"ENSG00000285868.1",17,1,1,2
"ENSG00000285891.1",0,0,0,0
"ENSG00000285914.1",0,0,0,0
"ENSG00000285967.1",667,472,289,421
"ENSG00000285978.1",0,0,0,0
"ENSG00000285997.1",0,0,0,0
"ENSG00000285999.1",34,15,32,17
"ENSG00000286001.1",127,213,123,182
"ENSG00000286048.1",1,1,6,9
"ENSG00000286062.1",2,0,1,0
"ENSG00000286111.1",0,0,0,0
"ENSG00000286121.1",0,0,0,0
"ENSG00000286128.1",0,0,0,0
"ENSG00000286134.2",0,0,0,0
"ENSG00000286164.1",0,0,0,0
"ENSG00000286182.1",0,0,0,0
"ENSG00000286193.2",8,7,3,5
"ENSG00000286204.1",0,0,0,0
"ENSG00000286238.1",0,0,0,0
"ENSG00000286254.1",0,0,0,0
"ENSG00000286271.2",0,0,0,0
"ENSG00000286274.1",0,0,1,2
"ENSG00000286310.1",0,0,0,0
"ENSG00000286314.1",0,5,2,1
"ENSG00000286331.1",0,0,0,0
"ENSG00000286338.1",0,0,0,0
"ENSG00000286350.1",0,0,0,0
"ENSG00000286377.1",0,0,0,0
"ENSG00000286388.1",57,68,79,108
"ENSG00000286403.1",0,1,1,0
"ENSG00000286408.1",11,3,5,7
"ENSG00000286432.1",0,0,0,0
"ENSG00000286441.1",0,0,0,0
"ENSG00000286454.1",0,0,0,0
"ENSG00000286468.1",0,0,0,0
"ENSG00000286503.1",0,0,0,0
"ENSG00000286509.1",0,0,0,0
"ENSG00000286543.1",0,0,0,0
"ENSG00000286556.1",0,0,0,0
"ENSG00000286577.1",0,0,1,0
"ENSG00000286615.1",0,0,0,0
"ENSG00000286625.1",7,9,4,4
"ENSG00000286634.1",4,2,1,9
"ENSG00000286638.1",0,4,1,2
"ENSG00000286644.1",0,0,0,0
"ENSG00000286647.1",0,0,0,0
"ENSG00000286656.1",0,1,0,0
"ENSG00000286657.1",0,1,0,0
"ENSG00000286676.1",0,0,1,0
"ENSG00000286690.1",0,0,0,0
"ENSG00000286713.1",1,1,0,1
"ENSG00000286721.1",0,0,0,0
"ENSG00000286736.1",0,0,0,0
"ENSG00000286741.1",0,2,0,1
"ENSG00000286745.1",0,0,0,0
"ENSG00000286749.1",0,1,0,0
"ENSG00000286751.1",0,0,0,0
"ENSG00000286753.1",17,9,18,17
"ENSG00000286809.1",0,0,0,0
"ENSG00000286818.1",0,0,0,0
"ENSG00000286828.1",12,4,4,5
"ENSG00000286839.1",0,1,0,0
"ENSG00000286853.1",62,41,26,37
"ENSG00000286882.1",0,0,0,0
"ENSG00000286953.1",0,0,0,0
"ENSG00000286961.1",0,0,0,0
"ENSG00000286970.1",9,6,16,22
"ENSG00000286986.1",0,0,0,0
"ENSG00000287003.1",0,0,0,0
"ENSG00000287031.1",0,0,2,2
"ENSG00000287054.1",4,0,2,3
"ENSG00000287067.1",0,2,1,0
"ENSG00000287087.1",0,0,0,0
"ENSG00000287090.1",0,0,0,0
"ENSG00000287148.1",0,0,0,0
"ENSG00000287162.1",0,0,0,0
"ENSG00000287176.1",0,0,0,0
"ENSG00000287179.1",0,0,0,0
"ENSG00000287180.1",0,0,0,0
"ENSG00000287199.1",0,0,0,0
"ENSG00000287203.1",0,0,0,0
"ENSG00000287263.1",1,3,2,6
"ENSG00000287323.1",0,0,0,0
"ENSG00000287367.1",0,0,1,1
"ENSG00000287390.1",0,0,0,0
"ENSG00000287434.1",0,1,0,0
"ENSG00000287447.1",0,0,0,0
"ENSG00000287471.1",0,0,0,0
"ENSG00000287486.1",0,0,0,0
"ENSG00000287527.1",0,0,0,0
"ENSG00000287540.1",0,0,0,0
"ENSG00000287579.1",0,1,0,1
"ENSG00000287581.1",0,0,0,0
"ENSG00000287597.1",0,0,0,0
"ENSG00000287600.1",0,2,14,4
"ENSG00000287630.1",0,1,0,0
"ENSG00000287634.1",0,0,0,0
"ENSG00000287695.1",0,0,0,1
"ENSG00000287701.1",0,0,0,0
"ENSG00000287709.1",0,1,0,2
"ENSG00000287726.1",0,0,2,4
"ENSG00000287783.1",0,0,0,0
"ENSG00000287790.1",0,0,0,0
"ENSG00000287794.1",0,0,0,0
"ENSG00000287814.1",0,0,0,0
"ENSG00000287862.1",0,0,0,0
"ENSG00000287938.1",0,0,1,0
"ENSG00000287940.1",0,0,0,0
"ENSG00000287947.1",0,0,0,0
"ENSG00000287963.1",0,0,0,0
"ENSG00000288002.1",12,8,0,0
"ENSG00000288008.1",0,0,0,0
"ENSG00000288035.1",0,0,0,0
"ENSG00000288081.1",0,0,0,0
"ENSG00000288095.1",0,2,1,0
"ENSG00000288108.1",0,0,0,0
"ENSG00000288349.1",0,0,0,0
"ENSG00000288539.1",0,0,0,1
"ENSG00000288549.1",0,0,0,0
"ENSG00000288569.1",0,0,0,0
"ENSG00000288579.1",0,1,0,2
"ENSG00000288615.1",0,0,0,0
"ENSG00000288622.1",122,247,39,0
"ENSG00000288639.1",0,0,0,0
"ENSG00000288643.1",0,0,0,0
