"ID","Description","setSize","enrichmentScore","NES","pvalue","p.adjust","qvalue","rank","leading_edge","core_enrichment"
"KEGG_SYSTEMIC_LUPUS_ERYTHEMATOSUS","KEGG_SYSTEMIC_LUPUS_ERYTHEMATOSUS",76,0.925756983337415,2.22385369311095,1.2100292089892e-12,2.14175169991089e-10,1.84688668740457e-10,107,"tags=14%, list=1%, signal=14%","HLA-DRA/HLA-DPB1/HLA-DPA1/HLA-DQB1/HLA-DRB1/HLA-DQA1/HLA-DRB5/HLA-DMB/HLA-DMA/C1R/HLA-DOA"
"KEGG_LEISHMANIA_INFECTION","KEGG_LEISHMANIA_INFECTION",52,0.933847272344262,2.14733006666606,1.50093761040117e-09,1.32832978520504e-07,1.1454523868851e-07,147,"tags=23%, list=1%, signal=23%","HLA-DRA/HLA-DPB1/HLA-DPA1/HLA-DQB1/HLA-DRB1/HLA-DQA1/HLA-DRB5/HLA-DMB/HLA-DMA/TGFB1/HLA-DOA/MAPK11"
"KEGG_AUTOIMMUNE_THYROID_DISEASE","KEGG_AUTOIMMUNE_THYROID_DISEASE",20,0.979769937222309,2.00521717657389,3.78598821974102e-09,2.2337330496472e-07,1.9262045328507e-07,107,"tags=70%, list=1%, signal=70%","HLA-DRA/HLA-DPB1/HLA-DPA1/HLA-DQB1/HLA-DRB1/HLA-DQA1/HLA-DRB5/HLA-DMB/HLA-DMA/HLA-E/HLA-B/HLA-F/HLA-C/HLA-DOA"
"KEGG_TYPE_I_DIABETES_MELLITUS","KEGG_TYPE_I_DIABETES_MELLITUS",25,0.973707576150555,2.03901813955332,5.07177673191055e-09,2.24426120387042e-07,1.93528322665008e-07,107,"tags=56%, list=1%, signal=56%","HLA-DRA/HLA-DPB1/HLA-DPA1/HLA-DQB1/HLA-DRB1/HLA-DQA1/HLA-DRB5/HLA-DMB/HLA-DMA/HLA-E/HLA-B/HLA-F/HLA-C/HLA-DOA"
"KEGG_GRAFT_VERSUS_HOST_DISEASE","KEGG_GRAFT_VERSUS_HOST_DISEASE",20,0.975270284183723,1.99600809470802,3.22886440504677e-08,1.14301799938656e-06,9.85653344698489e-07,107,"tags=70%, list=1%, signal=70%","HLA-DRA/HLA-DPB1/HLA-DPA1/HLA-DQB1/HLA-DRB1/HLA-DQA1/HLA-DRB5/HLA-DMB/HLA-DMA/HLA-E/HLA-B/HLA-F/HLA-C/HLA-DOA"
"KEGG_ALLOGRAFT_REJECTION","KEGG_ALLOGRAFT_REJECTION",19,0.981537287054014,1.99327648716522,7.58828042315867e-08,2.23854272483181e-06,1.93035203747019e-06,107,"tags=74%, list=1%, signal=73%","HLA-DRA/HLA-DPB1/HLA-DPA1/HLA-DQB1/HLA-DRB1/HLA-DQA1/HLA-DRB5/HLA-DMB/HLA-DMA/HLA-E/HLA-B/HLA-F/HLA-C/HLA-DOA"
"KEGG_CELL_ADHESION_MOLECULES_CAMS","KEGG_CELL_ADHESION_MOLECULES_CAMS",77,0.875203010969668,2.10604296940526,1.17935269082409e-07,2.98207751822663e-06,2.57152090480441e-06,384,"tags=25%, list=2%, signal=24%","HLA-DRA/HLA-DPB1/HLA-DPA1/HLA-DQB1/HLA-DRB1/HLA-DQA1/HLA-DRB5/HLA-DMB/HLA-DMA/HLA-E/HLA-B/HLA-F/HLA-C/SDC3/HLA-DOA/ITGB8/HLA-A/NLGN2/L1CAM"
"KEGG_VIRAL_MYOCARDITIS","KEGG_VIRAL_MYOCARDITIS",47,0.907441817999746,2.06590622308234,4.52492317517891e-07,8.89901557785185e-06,7.67384632047885e-06,282,"tags=34%, list=2%, signal=34%","HLA-DRA/HLA-DPB1/HLA-DPA1/HLA-DQB1/HLA-DRB1/HLA-DQA1/HLA-DRB5/HLA-DMB/HLA-DMA/HLA-E/HLA-B/HLA-F/HLA-C/HLA-DOA/DAG1/HLA-A"
"KEGG_INTESTINAL_IMMUNE_NETWORK_FOR_IGA_PRODUCTION","KEGG_INTESTINAL_IMMUNE_NETWORK_FOR_IGA_PRODUCTION",22,0.969541913250754,2.01375068857252,4.11719790779603e-07,8.89901557785185e-06,7.67384632047885e-06,107,"tags=50%, list=1%, signal=50%","HLA-DRA/HLA-DPB1/HLA-DPA1/HLA-DQB1/HLA-DRB1/HLA-DQA1/HLA-DRB5/HLA-DMB/HLA-DMA/TGFB1/HLA-DOA"
"KEGG_ASTHMA","KEGG_ASTHMA",13,0.988382791367444,1.89416614564801,6.08956812506326e-07,1.0778535581362e-05,9.29460398035972e-06,107,"tags=77%, list=1%, signal=76%","HLA-DRA/HLA-DPB1/HLA-DPA1/HLA-DQB1/HLA-DRB1/HLA-DQA1/HLA-DRB5/HLA-DMB/HLA-DMA/HLA-DOA"
"KEGG_ANTIGEN_PROCESSING_AND_PRESENTATION","KEGG_ANTIGEN_PROCESSING_AND_PRESENTATION",50,0.900614687552914,2.0524967261817,1.78363436029114e-06,2.87002983428665e-05,2.47489935160014e-05,282,"tags=42%, list=2%, signal=41%","HLA-DRA/HLA-DPB1/HLA-DPA1/HLA-DQB1/HLA-DRB1/HLA-DQA1/HLA-DRB5/CD74/HLA-DMB/CIITA/HLA-DMA/HLA-E/HLA-B/HLA-F/HLA-C/HLA-DOA/PSME2/PSME1/LGMN/CALR/HLA-A"
"KEGG_SPLICEOSOME","KEGG_SPLICEOSOME",126,-0.683015283059869,-1.84544358879774,0.000280839301821231,0.00414237970186315,0.00357207883895425,2445,"tags=31%, list=14%, signal=27%","EFTUD2/PRPF8/LSM5/SRSF2/DDX23/HSPA8/HNRNPK/DHX15/SRSF10/PRPF18/PRPF4/SNW1/PRPF40A/PPIH/SNRPD3/SRSF9/SF3B3/PLRG1/TCERG1/HSPA2/SNRPF/RBM8A/DDX5/TRA2A/NCBP1/SF3A3/HNRNPA1/RBM17/RBM25/MAGOH/RBMX/U2SURP/HSPA1L/THOC1/THOC2/HNRNPU/PRPF3/SF3B4/HSPA1A"
"KEGG_ERBB_SIGNALING_PATHWAY","KEGG_ERBB_SIGNALING_PATHWAY",75,0.739658541388704,1.77769853950058,0.00298353302468414,0.0406219496437764,0.0350293351076276,157,"tags=9%, list=1%, signal=9%","TGFA/SHC4/PAK6/PAK3/ERBB3/NCK2/NRG2"
"KEGG_RENAL_CELL_CARCINOMA","KEGG_RENAL_CELL_CARCINOMA",64,0.735902611071918,1.73116324009003,0.00401728073339041,0.0507899064150073,0.0437974215294443,698,"tags=12%, list=4%, signal=12%","TGFA/PAK6/PAK3/TGFB1/SLC2A1/VEGFA/TGFB3/VEGFB"
"KEGG_GLIOMA","KEGG_GLIOMA",54,0.73692428902595,1.70617622373384,0.00873490605065331,0.103071891397709,0.0888815001645424,116,"tags=6%, list=1%, signal=6%","TGFA/SHC4/IGF1R"
"KEGG_HEMATOPOIETIC_CELL_LINEAGE","KEGG_HEMATOPOIETIC_CELL_LINEAGE",39,0.797075791107472,1.7780857671541,0.00946971929073563,0.104758769653763,0.0903361379708333,820,"tags=23%, list=5%, signal=22%","HLA-DRA/HLA-DRB1/HLA-DRB5/IL11/ITGA1/CSF1/IL6/CD38/IL11RA"
"KEGG_PRIMARY_IMMUNODEFICIENCY","KEGG_PRIMARY_IMMUNODEFICIENCY",14,0.832514570016148,1.62910172093086,0.030937264489602,0.202474607304442,0.17459897745551,381,"tags=21%, list=2%, signal=21%","CIITA/ADA/RFX5"
"KEGG_ARACHIDONIC_ACID_METABOLISM","KEGG_ARACHIDONIC_ACID_METABOLISM",25,0.769740334865114,1.611895135643,0.0281249636312825,0.202474607304442,0.17459897745551,878,"tags=16%, list=5%, signal=15%","PTGES/PTGS2/PLA2G6/CBR3"
"KEGG_LYSINE_DEGRADATION","KEGG_LYSINE_DEGRADATION",41,-0.693956903873777,-1.59037738775863,0.0212662993307367,0.202474607304442,0.17459897745551,1293,"tags=34%, list=8%, signal=32%","ACAT2/HADH/EHHADH/SETD2/ASH1L/AADAT/DLST/ALDH1B1/ALDH9A1/SUV39H2/AASS/KMT5A/NSD2/SETD7"
"KEGG_BIOSYNTHESIS_OF_UNSATURATED_FATTY_ACIDS","KEGG_BIOSYNTHESIS_OF_UNSATURATED_FATTY_ACIDS",22,-0.777193451934474,-1.58229029086929,0.026265758992832,0.202474607304442,0.17459897745551,1369,"tags=36%, list=8%, signal=33%","FADS2/HSD17B12/HACD1/ELOVL6/ELOVL5/FADS1/YOD1/SCD"
"KEGG_NITROGEN_METABOLISM","KEGG_NITROGEN_METABOLISM",13,-0.831704519487935,-1.5710850177384,0.0220849152984517,0.202474607304442,0.17459897745551,89,"tags=23%, list=1%, signal=23%","ASNS/GLUL/CA12"
"KEGG_PANCREATIC_CANCER","KEGG_PANCREATIC_CANCER",66,0.658256187056949,1.55577948908167,0.0265729573708513,0.202474607304442,0.17459897745551,1404,"tags=18%, list=8%, signal=17%","TGFA/TGFB1/SMAD3/VEGFA/TGFBR1/STAT3/TGFB3/VEGFB/SMAD2/IKBKB/TGFBR2/BRAF"
"KEGG_AMINOACYL_TRNA_BIOSYNTHESIS","KEGG_AMINOACYL_TRNA_BIOSYNTHESIS",41,-0.677122276775443,-1.55179659099865,0.0301890981785034,0.202474607304442,0.17459897745551,2679,"tags=34%, list=16%, signal=29%","SEPSECS/TARS2/DARS2/FARSB/AARS1/MARS1/NARS1/EPRS1/TARS1/IARS1/GARS1/MARS2/SARS1/WARS1"
"KEGG_NATURAL_KILLER_CELL_MEDIATED_CYTOTOXICITY","KEGG_NATURAL_KILLER_CELL_MEDIATED_CYTOTOXICITY",68,0.652796349054572,1.54571899400044,0.0279368542171368,0.202474607304442,0.17459897745551,282,"tags=9%, list=2%, signal=9%","SHC4/HLA-E/HLA-B/HLA-C/NFATC2/HLA-A"
"KEGG_CYTOKINE_CYTOKINE_RECEPTOR_INTERACTION","KEGG_CYTOKINE_CYTOKINE_RECEPTOR_INTERACTION",107,0.609142122859919,1.53411731335758,0.0201395199460039,0.202474607304442,0.17459897745551,1816,"tags=32%, list=11%, signal=29%","TGFB1/IL11/IL1RAP/ACVR1/VEGFA/TNFRSF11A/CXCL5/TNFRSF25/TGFBR1/TNFRSF19/CD70/TGFB3/IL10RB/CSF1/LTBR/TNFSF9/VEGFB/IL6/NGFR/IL11RA/CLCF1/GHR/IL22RA1/ACVR2A/TNFRSF1A/ACVR2B/FLT3LG/TGFBR2/TNFSF12/CCL28/LIFR/TNFRSF9/IL1A/IFNAR2"
"KEGG_BUTANOATE_METABOLISM","KEGG_BUTANOATE_METABOLISM",25,-0.729711434807754,-1.52801817100538,0.033173805716547,0.202474607304442,0.17459897745551,1293,"tags=36%, list=8%, signal=33%","ACAT2/HADH/EHHADH/ALDH1B1/ALDH9A1/OXCT1/HMGCS1/PDHA1/AACS"
"KEGG_LONG_TERM_POTENTIATION","KEGG_LONG_TERM_POTENTIATION",52,-0.626658872365171,-1.51436684754742,0.0304171249656333,0.202474607304442,0.17459897745551,1996,"tags=29%, list=12%, signal=26%","MAPK1/MAP2K1/PPP3CB/CACNA1C/CALM1/RAP1A/PRKACB/PPP1R12A/PPP1CC/ADCY1/RAP1B/PLCB4/GRIN2B/ATF4/RPS6KA2"
"KEGG_STEROID_BIOSYNTHESIS","KEGG_STEROID_BIOSYNTHESIS",16,-0.781613280931145,-1.51302652345672,0.0314202614428694,0.202474607304442,0.17459897745551,1701,"tags=75%, list=10%, signal=68%","EBP/SC5D/LSS/DHCR7/HSD17B7/NSDHL/SOAT1/MSMO1/DHCR24/CYP51A1/FDFT1/SQLE"
"KEGG_OOCYTE_MEIOSIS","KEGG_OOCYTE_MEIOSIS",92,-0.555443719985185,-1.44895838729719,0.0327226398901869,0.202474607304442,0.17459897745551,2364,"tags=23%, list=14%, signal=20%","PPP2CA/PPP3CA/CDC23/ANAPC1/MAPK1/MAP2K1/PPP3CB/CUL1/CALM1/PLK1/PRKACB/CDK2/PPP1CC/ADCY1/CDC20/YWHAG/YWHAH/ANAPC7/CPEB1/AR/RPS6KA2"
"KEGG_LYSOSOME","KEGG_LYSOSOME",114,0.569233993441125,1.46182239533638,0.034740374788296,0.204968211250946,0.176749275238699,2082,"tags=25%, list=12%, signal=22%","FUCA1/ATP6V0A4/LGMN/HGSNAT/ARSG/ATP6V0A1/MAN2B1/GAA/DNASE2/PPT2/CTSB/CLN5/AP3B2/ARSA/SGSH/CTSV/PSAP/ARSB/LIPA/IDUA/LAMP2/TCIRG1/SLC17A5/ENTPD4/IDS/GALNS/NAGLU/CTSF"
"KEGG_ALANINE_ASPARTATE_AND_GLUTAMATE_METABOLISM","KEGG_ALANINE_ASPARTATE_AND_GLUTAMATE_METABOLISM",23,-0.73197193786984,-1.50153529525863,0.0362906552048122,0.207207934556509,0.178680645320807,655,"tags=35%, list=4%, signal=33%","PPAT/ASNS/GOT2/ADSL/GPT2/DDO/ADSS2/GLUL"
"KEGG_ONE_CARBON_POOL_BY_FOLATE","KEGG_ONE_CARBON_POOL_BY_FOLATE",15,-0.79927292663288,-1.53948908754217,0.0377329358020195,0.20871030115492,0.179976174055685,943,"tags=13%, list=6%, signal=13%","MTHFD2/SHMT2"
"KEGG_GLYCINE_SERINE_AND_THREONINE_METABOLISM","KEGG_GLYCINE_SERINE_AND_THREONINE_METABOLISM",19,-0.739242810685795,-1.4803353067116,0.0516898608349901,0.26909133434686,0.232044266906302,491,"tags=21%, list=3%, signal=20%","CBS/PSPH/PSAT1/SHMT2"
"KEGG_GLUTATHIONE_METABOLISM","KEGG_GLUTATHIONE_METABOLISM",35,-0.65418967743198,-1.46424091946115,0.0512404154586615,0.26909133434686,0.232044266906302,1103,"tags=17%, list=7%, signal=16%","GCLC/GCLM/PGD/GPX3/ODC1/MGST1"
"KEGG_TERPENOID_BACKBONE_BIOSYNTHESIS","KEGG_TERPENOID_BACKBONE_BIOSYNTHESIS",13,-0.78788450038716,-1.48830925558596,0.0571428571428571,0.273359073359073,0.235724446250762,2176,"tags=62%, list=13%, signal=54%","MVD/MVK/ACAT2/HMGCR/IDI1/HMGCS1/PDSS1/FDPS"
"KEGG_T_CELL_RECEPTOR_SIGNALING_PATHWAY","KEGG_T_CELL_RECEPTOR_SIGNALING_PATHWAY",75,0.612805887015065,1.47282032098045,0.0570264765784114,0.273359073359073,0.235724446250762,1191,"tags=12%, list=7%, signal=11%","PAK6/PAK3/NCK2/MAPK11/NFATC2/FOS/MAP3K14/NFAT5/IKBKB"
"KEGG_SELENOAMINO_ACID_METABOLISM","KEGG_SELENOAMINO_ACID_METABOLISM",23,-0.699472694016159,-1.43486776445474,0.0547667342799189,0.273359073359073,0.235724446250762,2265,"tags=35%, list=13%, signal=30%","PAPSS1/CBS/MARS1/LCMT2/SEPHS1/MARS2/SCLY/PAPSS2"
"KEGG_CITRATE_CYCLE_TCA_CYCLE","KEGG_CITRATE_CYCLE_TCA_CYCLE",27,-0.677650966032998,-1.44420726446079,0.0597938144329897,0.276735459662289,0.238635989598762,2080,"tags=41%, list=12%, signal=36%","OGDH/DLAT/FH/SDHC/CS/ACO1/DLST/PCK2/ACLY/IDH3A/PDHA1"
"KEGG_ARGININE_AND_PROLINE_METABOLISM","KEGG_ARGININE_AND_PROLINE_METABOLISM",36,-0.635066072635012,-1.41728099502706,0.0609756097560976,0.276735459662289,0.238635989598762,842,"tags=17%, list=5%, signal=16%","AMD1/ALDH1B1/ALDH9A1/GOT2/ODC1/GLUL"
"KEGG_NON_SMALL_CELL_LUNG_CANCER","KEGG_NON_SMALL_CELL_LUNG_CANCER",49,0.658026103718047,1.4947026793972,0.065979381443299,0.290014512429193,0.250086852823271,211,"tags=4%, list=1%, signal=4%","TGFA/RARB"
"KEGG_FOCAL_ADHESION","KEGG_FOCAL_ADHESION",158,0.5310753411559,1.39595921694864,0.0671785028790787,0.290014512429193,0.250086852823271,698,"tags=12%, list=4%, signal=12%","SHC4/PAK6/COL1A1/PAK3/ITGB5/IGF1R/COL5A1/LAMA4/VEGFA/ITGB8/ITGA1/THBS1/COL6A1/DOCK1/COL4A1/CTNNB1/LAMB2/PIP5K1C/VEGFB"
"KEGG_LIMONENE_AND_PINENE_DEGRADATION","KEGG_LIMONENE_AND_PINENE_DEGRADATION",10,-0.7918023387321,-1.469020135708,0.0767790262172285,0.305657805044308,0.263576459895478,2758,"tags=60%, list=16%, signal=50%","HADHA/ALDH2/EHHADH/ALDH1B1/ALDH9A1/YOD1"
"KEGG_NOTCH_SIGNALING_PATHWAY","KEGG_NOTCH_SIGNALING_PATHWAY",39,0.64465525250822,1.43807193995113,0.0729783037475345,0.305657805044308,0.263576459895478,1389,"tags=31%, list=8%, signal=28%","MAML3/HES1/MFNG/NOTCH2/LFNG/DVL3/KAT2B/NUMBL/KAT2A/HDAC1/JAG1/MAML2"
"KEGG_CHRONIC_MYELOID_LEUKEMIA","KEGG_CHRONIC_MYELOID_LEUKEMIA",69,0.595363326523981,1.40584334735893,0.0777096114519427,0.305657805044308,0.263576459895478,1404,"tags=17%, list=8%, signal=16%","SHC4/TGFB1/SMAD3/TGFBR1/TGFB3/CDKN1B/STAT5B/IKBKB/HDAC1/TGFBR2/CDKN1A/BRAF"
"KEGG_PATHWAYS_IN_CANCER","KEGG_PATHWAYS_IN_CANCER",263,0.464612911416373,1.28967897057025,0.0753676470588235,0.305657805044308,0.263576459895478,1350,"tags=16%, list=8%, signal=15%","MMP2/TGFA/WNT5A/TGFB1/SMAD3/SLC2A1/IGF1R/FGF12/LAMA4/RARB/VEGFA/CTNNA2/PTGS2/TGFBR1/FOS/COL4A1/FZD1/FOXO1/STAT3/CTNNB1/TGFB3/LAMB2/CDKN1B/DVL3/TRAF4/VEGFB/IL6/TRAF1/STAT5B/DAPK2/SUFU/SMAD2/PTEN/CTNNA1/WNT7B/IKBKB/ELOB/FLT3LG/HDAC1/TGFBR2/CDKN1A"
"KEGG_PROGESTERONE_MEDIATED_OOCYTE_MATURATION","KEGG_PROGESTERONE_MEDIATED_OOCYTE_MATURATION",72,-0.530881527666699,-1.34101783208426,0.0818713450292398,0.315026697177727,0.271655492659949,1240,"tags=14%, list=7%, signal=13%","PLK1/PRKACB/CDK2/MAPK14/ADCY1/HSP90AB1/ANAPC7/CPEB1/CDC25A/RPS6KA2"
"KEGG_CIRCADIAN_RHYTHM_MAMMAL","KEGG_CIRCADIAN_RHYTHM_MAMMAL",13,0.772135634350538,1.47974366936496,0.0859538784067086,0.321584302325581,0.277310281517748,2499,"tags=69%, list=15%, signal=59%","PER1/NR1D1/BHLHE41/ARNTL/BHLHE40/CSNK1D/PER2/CRY2/PER3"
"KEGG_GLYOXYLATE_AND_DICARBOXYLATE_METABOLISM","KEGG_GLYOXYLATE_AND_DICARBOXYLATE_METABOLISM",14,-0.754707729869365,-1.4417465850947,0.0872093023255814,0.321584302325581,0.277310281517748,1153,"tags=29%, list=7%, signal=27%","PGP/CS/MTHFD2/ACO1"
"KEGG_OTHER_GLYCAN_DEGRADATION","KEGG_OTHER_GLYCAN_DEGRADATION",14,0.750733767394229,1.46906939106078,0.0987654320987654,0.3567649281935,0.307647425441912,1314,"tags=29%, list=8%, signal=26%","FUCA1/MAN2B1/MAN2B2/ENGASE"
"KEGG_BASAL_CELL_CARCINOMA","KEGG_BASAL_CELL_CARCINOMA",38,0.611691502196138,1.3549934173262,0.116370808678501,0.411952662721893,0.355237205439635,2743,"tags=32%, list=16%, signal=27%","WNT5A/FZD1/CTNNB1/DVL3/SUFU/WNT7B/WNT2B/HHIP/DVL2/WNT9A/TCF7L2/FZD3"
"KEGG_ENDOCYTOSIS","KEGG_ENDOCYTOSIS",156,0.478513493845874,1.25374941427499,0.121856866537718,0.422915007395608,0.36469031265158,1281,"tags=13%, list=8%, signal=13%","HLA-E/HLA-B/HLA-F/ERBB3/HLA-C/IGF1R/GRK3/ASAP3/HLA-A/PSD3/ASAP2/RAB11FIP3/PIP5K1C/AGAP1/IQSEC2/STAMBP/ARRB1/RAB11FIP4/SMAP2/CHMP2A/RBSN"
"KEGG_RETINOL_METABOLISM","KEGG_RETINOL_METABOLISM",18,0.695031303998275,1.38383890064689,0.125260960334029,0.426369038060061,0.367668810697049,1157,"tags=17%, list=7%, signal=16%","DHRS3/CYP1A1/DGAT1"
"KEGG_GLYCOSPHINGOLIPID_BIOSYNTHESIS_LACTO_AND_NEOLACTO_SERIES","KEGG_GLYCOSPHINGOLIPID_BIOSYNTHESIS_LACTO_AND_NEOLACTO_SERIES",18,0.675006910834608,1.34396942417537,0.1419624217119,0.474100917792571,0.408829218435461,2027,"tags=28%, list=12%, signal=24%","ST3GAL4/B4GAT1/B3GALT1/ST3GAL6/B4GALT4"
"KEGG_VALINE_LEUCINE_AND_ISOLEUCINE_BIOSYNTHESIS","KEGG_VALINE_LEUCINE_AND_ISOLEUCINE_BIOSYNTHESIS",10,-0.717495982678515,-1.33116056152614,0.164794007490637,0.505575056782986,0.435970164933291,614,"tags=20%, list=4%, signal=19%","IARS1/PDHA1"
"KEGG_NICOTINATE_AND_NICOTINAMIDE_METABOLISM","KEGG_NICOTINATE_AND_NICOTINAMIDE_METABOLISM",20,-0.65523937208544,-1.32343016687672,0.156312625250501,0.505575056782986,0.435970164933291,1727,"tags=40%, list=10%, signal=36%","BST1/NT5C2/AOX1/NMNAT2/NMNAT3/NAMPT/NT5E/PNP"
"KEGG_PYRUVATE_METABOLISM","KEGG_PYRUVATE_METABOLISM",32,-0.588775586943865,-1.29143016971904,0.162271805273834,0.505575056782986,0.435970164933291,2537,"tags=38%, list=15%, signal=32%","ME3/ACACB/ACACA/ALDH2/DLAT/ME2/AKR1B1/ACAT2/ALDH1B1/ALDH9A1/PCK2/PDHA1"
"KEGG_AXON_GUIDANCE","KEGG_AXON_GUIDANCE",103,0.489955741450004,1.23312330722624,0.160965794768612,0.505575056782986,0.435970164933291,1091,"tags=18%, list=6%, signal=17%","PAK6/PAK3/EFNB2/NTNG1/NCK2/SEMA3A/PLXNB3/NFATC2/NRP1/SEMA3B/L1CAM/PLXNB2/SLIT2/SRGAP3/SEMA6B/UNC5C/SEMA4G/NFAT5/SEMA3C"
"KEGG_PYRIMIDINE_METABOLISM","KEGG_PYRIMIDINE_METABOLISM",89,-0.475215907031467,-1.2282909239035,0.165668662674651,0.505575056782986,0.435970164933291,3617,"tags=33%, list=21%, signal=26%","PRIM2/NME6/ENTPD5/NME7/POLR1A/PRIM1/NT5C3A/AK3/POLR2B/CAD/POLR2F/UCK1/CMPK1/PNPT1/POLD3/TXNRD2/POLR3K/RRM1/POLR3C/CTPS2/POLR3F/NT5C2/POLR3B/POLR1E/CTPS1/POLE3/NT5E/PNP/UCK2"
"KEGG_COLORECTAL_CANCER","KEGG_COLORECTAL_CANCER",57,0.533169828806556,1.23159749923358,0.170168067226891,0.510504201680672,0.44022069130953,1404,"tags=16%, list=8%, signal=15%","TGFB1/SMAD3/TGFBR1/FOS/CTNNB1/TGFB3/SMAD2/TGFBR2/BRAF"
"KEGG_HEDGEHOG_SIGNALING_PATHWAY","KEGG_HEDGEHOG_SIGNALING_PATHWAY",36,0.567851294336793,1.25866488633069,0.174509803921569,0.512404483791699,0.441859352660103,2112,"tags=17%, list=12%, signal=15%","WNT5A/SUFU/WNT7B/CSNK1D/WNT2B/HHIP"
"KEGG_TGF_BETA_SIGNALING_PATHWAY","KEGG_TGF_BETA_SIGNALING_PATHWAY",66,0.526684323079308,1.24481118928968,0.176591375770021,0.512404483791699,0.441859352660103,1309,"tags=18%, list=8%, signal=17%","TGFB1/SMAD3/ACVR1/TGFBR1/THBS1/LTBP1/TGFB3/ACVR1C/SMAD2/ACVR2A/ACVR2B/TGFBR2"
"KEGG_THYROID_CANCER","KEGG_THYROID_CANCER",23,-0.606253299990189,-1.24364156698608,0.204868154158215,0.575473484848485,0.496245348219032,1996,"tags=26%, list=12%, signal=23%","MAPK1/MAP2K1/TPR/CCDC6/MYC/TPM3"
"KEGG_AMINO_SUGAR_AND_NUCLEOTIDE_SUGAR_METABOLISM","KEGG_AMINO_SUGAR_AND_NUCLEOTIDE_SUGAR_METABOLISM",39,-0.533604578142853,-1.20384000276812,0.208080808080808,0.575473484848485,0.496245348219032,1333,"tags=13%, list=8%, signal=12%","NANP/GNPNAT1/PGM2/GPI/UAP1"
"KEGG_WNT_SIGNALING_PATHWAY","KEGG_WNT_SIGNALING_PATHWAY",113,0.455440428097721,1.16780192660926,0.205825242718447,0.575473484848485,0.496245348219032,2400,"tags=23%, list=14%, signal=20%","WNT5A/SMAD3/NFATC2/SFRP1/CTNNBIP1/LRP6/PLCB1/FZD1/CTNNB1/DVL3/NFAT5/SMAD2/WNT7B/PORCN/PRICKLE2/PRICKLE1/DAAM1/PSEN1/RAC3/PLCB3/WNT2B/PRKCA/CXXC4/CHP1/DVL2/ROCK2"
"KEGG_RIBOFLAVIN_METABOLISM","KEGG_RIBOFLAVIN_METABOLISM",11,-0.6703783523666,-1.25910517615887,0.225563909774436,0.584414446002805,0.503955365271524,1261,"tags=27%, list=7%, signal=25%","FLAD1/RFK/MTMR1"
"KEGG_PROPANOATE_METABOLISM","KEGG_PROPANOATE_METABOLISM",29,-0.565148166188486,-1.21976776949347,0.227459016393443,0.584414446002805,0.503955365271524,2267,"tags=41%, list=13%, signal=36%","PCCB/SUCLG1/HADHA/ACACB/ACACA/ALDH2/HIBCH/ACAT2/EHHADH/ALDH1B1/ALDH9A1/ACSS3"
"KEGG_LEUKOCYTE_TRANSENDOTHELIAL_MIGRATION","KEGG_LEUKOCYTE_TRANSENDOTHELIAL_MIGRATION",75,0.498306529826173,1.19763207037728,0.217922606924644,0.584414446002805,0.503955365271524,711,"tags=8%, list=4%, signal=8%","MMP2/MAPK11/CTNND1/CTNNA2/CTNNB1/JAM3"
"KEGG_N_GLYCAN_BIOSYNTHESIS","KEGG_N_GLYCAN_BIOSYNTHESIS",43,-0.510423808916182,-1.18551721768624,0.221115537848606,0.584414446002805,0.503955365271524,1580,"tags=14%, list=9%, signal=13%","MAN2A1/MAN1A1/ALG2/B4GALT3/MGAT5/ST6GAL1"
"KEGG_UBIQUITIN_MEDIATED_PROTEOLYSIS","KEGG_UBIQUITIN_MEDIATED_PROTEOLYSIS",127,-0.415976029484528,-1.12662242692268,0.227822580645161,0.584414446002805,0.503955365271524,3644,"tags=31%, list=21%, signal=25%","UBA3/HUWE1/UBE3C/UBE2G1/UBE3A/PIAS2/CUL3/UBE2D1/HERC1/UBE2Q1/TRIM32/UBE2R2/UBE2E1/UBE2Q2/UBE2D2/UBE2B/UBE2A/BIRC2/CDC23/UBE2E2/FBXW7/XIAP/ANAPC1/UBE2F/UBA6/UBE2NL/CUL1/UBE2L3/UBE2J1/COP1/UBE2D3/NEDD4/UBE2I/PML/BIRC3/UBE2N/CDC20/SMURF2/KLHL13/ANAPC7"
"KEGG_ETHER_LIPID_METABOLISM","KEGG_ETHER_LIPID_METABOLISM",21,0.580781721175159,1.2003660303487,0.252918287937743,0.617085828343313,0.532128725006128,3202,"tags=43%, list=19%, signal=35%","LPCAT2/PLA2G6/PLPP2/PLA2G12A/PLD2/JMJD7-PLA2G4B/PLA2G4B/PLD1/PLA2G7"
"KEGG_BLADDER_CANCER","KEGG_BLADDER_CANCER",38,0.522854031781779,1.15820437057438,0.256410256410256,0.617085828343313,0.532128725006128,849,"tags=13%, list=5%, signal=13%","MMP2/VEGFA/THBS1/VEGFB/DAPK2"
"KEGG_ARRHYTHMOGENIC_RIGHT_VENTRICULAR_CARDIOMYOPATHY_ARVC","KEGG_ARRHYTHMOGENIC_RIGHT_VENTRICULAR_CARDIOMYOPATHY_ARVC",50,0.503332629532943,1.14709274518254,0.251546391752577,0.617085828343313,0.532128725006128,1288,"tags=20%, list=8%, signal=19%","ITGB5/CACNG7/DAG1/ITGB8/CTNNA2/ITGA1/CTNNB1/CACNG8/CTNNA1/PKP2"
"KEGG_PATHOGENIC_ESCHERICHIA_COLI_INFECTION","KEGG_PATHOGENIC_ESCHERICHIA_COLI_INFECTION",46,-0.484401424240465,-1.14408927792319,0.251485148514851,0.617085828343313,0.532128725006128,2334,"tags=35%, list=14%, signal=30%","ARPC2/NCL/TUBB6/RHOA/ARHGEF2/TUBA8/KRT18/CLDN1/EZR/ACTB/TUBA1C/ACTG1/ARPC5/TUBA1B/TUBB4B/ARPC5L"
"KEGG_PROSTATE_CANCER","KEGG_PROSTATE_CANCER",78,0.467748215754451,1.13414773464693,0.261477045908184,0.617085828343313,0.532128725006128,1404,"tags=14%, list=8%, signal=13%","TGFA/IGF1R/CREB3L2/FOXO1/CTNNB1/CDKN1B/PTEN/IKBKB/PDGFD/CDKN1A/BRAF"
"KEGG_CHEMOKINE_SIGNALING_PATHWAY","KEGG_CHEMOKINE_SIGNALING_PATHWAY",111,0.442242438057411,1.13151714813602,0.258823529411765,0.617085828343313,0.532128725006128,2017,"tags=14%, list=12%, signal=13%","SHC4/GRK3/GNG2/CXCL5/PLCB1/STAT3/STAT5B/ARRB1/IKBKB/BRAF/CCL28/STAT2/ADCY9/PTK2/TIAM1/PLCB3"
"KEGG_GNRH_SIGNALING_PATHWAY","KEGG_GNRH_SIGNALING_PATHWAY",71,0.480384099189482,1.13493791497539,0.276288659793814,0.626962727993656,0.540645825507464,693,"tags=8%, list=4%, signal=8%","MMP2/MAPK11/MAP2K6/PLCB1/PLA2G6/MMP14"
"KEGG_DILATED_CARDIOMYOPATHY","KEGG_DILATED_CARDIOMYOPATHY",53,0.490376700730703,1.13252403280557,0.276073619631902,0.626962727993656,0.540645825507464,817,"tags=15%, list=5%, signal=14%","ITGB5/TGFB1/CACNG7/DAG1/ITGB8/ITGA1/TGFB3/CACNG8"
"KEGG_ECM_RECEPTOR_INTERACTION","KEGG_ECM_RECEPTOR_INTERACTION",55,0.489663780676215,1.13115496875123,0.274793388429752,0.626962727993656,0.540645825507464,589,"tags=22%, list=3%, signal=21%","COL1A1/ITGB5/SDC3/COL5A1/LAMA4/DAG1/ITGB8/ITGA1/THBS1/COL6A1/COL4A1/LAMB2"
"KEGG_HYPERTROPHIC_CARDIOMYOPATHY_HCM","KEGG_HYPERTROPHIC_CARDIOMYOPATHY_HCM",50,0.489166313212596,1.11480777551525,0.290721649484536,0.651363695680543,0.561687397405166,817,"tags=18%, list=5%, signal=17%","ITGB5/TGFB1/CACNG7/DAG1/ITGB8/ITGA1/TGFB3/IL6/CACNG8"
"KEGG_PROTEASOME","KEGG_PROTEASOME",41,0.497999905239164,1.11424419435424,0.306613226452906,0.678381763527054,0.584985760995676,204,"tags=5%, list=1%, signal=5%","PSME2/PSME1"
"KEGG_INSULIN_SIGNALING_PATHWAY","KEGG_INSULIN_SIGNALING_PATHWAY",113,0.420747836461699,1.07884610966338,0.324271844660194,0.708594030924128,0.611038563687175,1460,"tags=11%, list=9%, signal=10%","SHC4/SORBS1/INSR/FOXO1/FLOT2/CALM3/PYGB/PPP1R3B/IKBKB/INPP5K/BRAF/TSC2"
"KEGG_COMPLEMENT_AND_COAGULATION_CASCADES","KEGG_COMPLEMENT_AND_COAGULATION_CASCADES",29,0.505623386466041,1.07955799016622,0.33852140077821,0.730710828509063,0.630110437905526,1628,"tags=28%, list=10%, signal=25%","PLAT/C1R/PROS1/C1S/C3AR1/F12/BDKRB2/CD59"
"KEGG_CYSTEINE_AND_METHIONINE_METABOLISM","KEGG_CYSTEINE_AND_METHIONINE_METABOLISM",25,-0.526475151581513,-1.10244071810565,0.352226720647773,0.75113409101995,0.647721933974979,2399,"tags=48%, list=14%, signal=41%","DNMT1/MTR/CTH/SRM/ENOPH1/MPST/CDO1/CBS/MTAP/AMD1/TRDMT1/GOT2"
"KEGG_DRUG_METABOLISM_CYTOCHROME_P450","KEGG_DRUG_METABOLISM_CYTOCHROME_P450",23,-0.532004179430782,-1.09133016077793,0.381338742393509,0.758965696465697,0.654475325527957,2638,"tags=30%, list=16%, signal=26%","CYP2C18/ADH5/MGST3/CYP2C19/CYP2C9/AOX1/MGST1"
"KEGG_SPHINGOLIPID_METABOLISM","KEGG_SPHINGOLIPID_METABOLISM",31,-0.484080369704709,-1.06144867001955,0.36969696969697,0.758965696465697,0.654475325527957,2979,"tags=35%, list=18%, signal=29%","SMPD4/KDSR/DEGS1/UGCG/GBA/SPTLC1/GLB1/SGMS1/SGMS2/GALC/ASAH2"
"KEGG_LONG_TERM_DEPRESSION","KEGG_LONG_TERM_DEPRESSION",45,0.464371863539586,1.05792810006317,0.37875751503006,0.758965696465697,0.654475325527957,2825,"tags=27%, list=17%, signal=22%","IGF1R/PLCB1/GNAO1/PLA2G6/PLA2G12A/BRAF/MAP2K2/PLCB3/PRKCA/ITPR2/JMJD7-PLA2G4B/PLA2G4B"
"KEGG_RIBOSOME","KEGG_RIBOSOME",84,0.430705925271452,1.05291680482251,0.3812375249501,0.758965696465697,0.654475325527957,6338,"tags=77%, list=37%, signal=49%","RPL27A/RPS19/RPL28/RPL30/RPS5/RPS4X/FAU/RPLP2/RPL18A/RPS27L/RPS28/RPS11/RPS20/RPS25/UBA52/RPL21/RPS9/RPL37/RPL13A/RPS18/RPL10A/RPS16/RPL15/RPL8/RPL3/RPL29/RPL37A/RPL32/RPL35A/RPL19/RPS29/RPL23A/RPS10/RPL13/RPL36A/RPL11/RPS13/RPS26/RPL18/RPL36AL/RPS12/RPS17/RPL36/RPS23/RPS3/RPL31/RPS15/RPL39/RPL24/RPL38/RPL23/RPL4/RPL10/RPS15A/RPL22/RPS2/RPS7/RPL17/RPL34/RPL27/RPL7/RPL26/RPL41/RPS21/RPS3A"
"KEGG_CARDIAC_MUSCLE_CONTRACTION","KEGG_CARDIAC_MUSCLE_CONTRACTION",46,-0.439390873843128,-1.03778057294,0.39009900990099,0.758965696465697,0.654475325527957,1694,"tags=17%, list=10%, signal=16%","CACNB4/CACNA1C/ATP1B1/ATP1B3/SLC8A1/RYR2/TPM4/TPM3"
"KEGG_ADIPOCYTOKINE_SIGNALING_PATHWAY","KEGG_ADIPOCYTOKINE_SIGNALING_PATHWAY",51,0.45355313932215,1.03455627233574,0.409937888198758,0.758965696465697,0.654475325527957,1191,"tags=16%, list=7%, signal=15%","PPARA/SLC2A1/STAT3/ACSL1/CPT1B/CAMKK1/TNFRSF1A/IKBKB"
"KEGG_O_GLYCAN_BIOSYNTHESIS","KEGG_O_GLYCAN_BIOSYNTHESIS",20,0.503490990466219,1.03045495067479,0.391650099403579,0.758965696465697,0.654475325527957,1782,"tags=30%, list=11%, signal=27%","GALNT10/GALNT2/GALNT16/GALNT12/ST3GAL2/GALNT11"
"KEGG_MTOR_SIGNALING_PATHWAY","KEGG_MTOR_SIGNALING_PATHWAY",45,-0.438954172516794,-1.02967602309111,0.407554671968191,0.758965696465697,0.654475325527957,150,"tags=13%, list=1%, signal=13%","MAPK1/EIF4B/RICTOR/RHEB/PRKAA2/RPS6KA2"
"KEGG_GLYCOLYSIS_GLUCONEOGENESIS","KEGG_GLYCOLYSIS_GLUCONEOGENESIS",38,-0.456151636330418,-1.02934075162853,0.406060606060606,0.758965696465697,0.654475325527957,2556,"tags=34%, list=15%, signal=29%","ADH5/HK1/ALDH2/DLAT/PFKM/PFKP/ALDH1B1/ALDH9A1/PGK1/PGM2/PCK2/GPI/PDHA1"
"KEGG_PHOSPHATIDYLINOSITOL_SIGNALING_SYSTEM","KEGG_PHOSPHATIDYLINOSITOL_SIGNALING_SYSTEM",65,0.435411060012641,1.02859897972253,0.395061728395062,0.758965696465697,0.654475325527957,2789,"tags=35%, list=16%, signal=30%","DGKG/PLCB1/PLCE1/PIP5K1C/ITPKA/PLCD4/PLCD1/CALM3/DGKI/PTEN/ITPK1/INPP5K/INPP5J/SYNJ1/IMPA2/PLCG2/PLCB3/PRKCA/DGKQ/ITPR2/PIK3CD/INPP5B/SYNJ2"
"KEGG_PURINE_METABOLISM","KEGG_PURINE_METABOLISM",126,-0.379664221177885,-1.02581731367672,0.392354124748491,0.758965696465697,0.654475325527957,3533,"tags=29%, list=21%, signal=23%","NME6/ENTPD5/NME7/POLR1A/ADCY6/ATIC/PRIM1/NT5C3A/PRPS2/PAICS/PDE7A/POLR2B/POLR2F/PDE1C/PNPT1/POLD3/PAPSS1/POLR3K/RRM1/POLR3C/PPAT/PDE3B/POLR3F/NT5C2/ADK/NUDT5/NPR2/POLR3B/ADCY1/ADSL/IMPDH1/POLR1E/POLE3/NT5E/PAPSS2/PNP/ADSS2"
"KEGG_APOPTOSIS","KEGG_APOPTOSIS",71,-0.403973708893752,-1.02063983819092,0.410058027079304,0.758965696465697,0.654475325527957,2995,"tags=31%, list=18%, signal=26%","PRKX/PRKAR1B/PPP3R1/NFKBIA/TRAF2/IL1B/PPP3CA/BIRC2/BCL2/XIAP/CASP10/CFLAR/CASP6/BCL2L1/IRAK4/PPP3CB/PRKAR2A/PRKACB/BIRC3/IL1R1/CAPN2/BID"
"KEGG_ADHERENS_JUNCTION","KEGG_ADHERENS_JUNCTION",67,0.429495813072348,1.01150036834894,0.411642411642412,0.758965696465697,0.654475325527957,1067,"tags=18%, list=6%, signal=17%","SMAD3/IGF1R/PTPRJ/CTNND1/SORBS1/CTNNA2/TGFBR1/INSR/CTNNB1/BAIAP2/SMAD2/CTNNA1"
"KEGG_PPAR_SIGNALING_PATHWAY","KEGG_PPAR_SIGNALING_PATHWAY",46,-0.428879339514831,-1.01295378028888,0.42970297029703,0.780925894948143,0.673412160377525,2050,"tags=28%, list=12%, signal=25%","ACADL/SLC27A6/ACSL4/MMP1/PPARD/AQP7/FADS2/EHHADH/PCK2/DBI/FABP6/PLTP/SCD"
"KEGG_EPITHELIAL_CELL_SIGNALING_IN_HELICOBACTER_PYLORI_INFECTION","KEGG_EPITHELIAL_CELL_SIGNALING_IN_HELICOBACTER_PYLORI_INFECTION",61,0.422995153306682,0.990892790821966,0.432377049180328,0.780925894948143,0.673412160377525,1981,"tags=18%, list=12%, signal=16%","ATP6V0A4/MAPK11/ATP6V0A1/MAP3K14/JAM3/ATP6V1A/IKBKB/MAPK12/TCIRG1/ADAM17/PLCG2"
"KEGG_MATURITY_ONSET_DIABETES_OF_THE_YOUNG","KEGG_MATURITY_ONSET_DIABETES_OF_THE_YOUNG",10,0.559913735625822,1.02747028547514,0.465811965811966,0.787920102500082,0.679443442536497,73,"tags=10%, list=0%, signal=10%","HES1"
"KEGG_VALINE_LEUCINE_AND_ISOLEUCINE_DEGRADATION","KEGG_VALINE_LEUCINE_AND_ISOLEUCINE_DEGRADATION",42,-0.431308825950991,-0.997720368016941,0.467583497053045,0.787920102500082,0.679443442536497,1619,"tags=26%, list=10%, signal=24%","ALDH2/HIBCH/ACAT2/HADH/EHHADH/ALDH1B1/AOX1/HIBADH/ALDH9A1/OXCT1/HMGCS1"
"KEGG_NEUROTROPHIN_SIGNALING_PATHWAY","KEGG_NEUROTROPHIN_SIGNALING_PATHWAY",111,-0.369042501228087,-0.983111952800823,0.475609756097561,0.787920102500082,0.679443442536497,1491,"tags=18%, list=9%, signal=17%","MAPK1/RHOA/MAP2K1/IRAK4/CALM1/ARHGDIB/JUN/RAP1A/NTRK3/PTPN11/MAP3K3/IRS4/PRKCD/MAPK14/YWHAG/RAP1B/YWHAH/MAPKAPK2/ATF4/RPS6KA2"
"KEGG_REGULATION_OF_ACTIN_CYTOSKELETON","KEGG_REGULATION_OF_ACTIN_CYTOSKELETON",162,0.371510188374278,0.97903446974976,0.455426356589147,0.787920102500082,0.679443442536497,2170,"tags=20%, list=13%, signal=18%","PAK6/PAK3/ITGB5/FGF12/ITGB8/ITGA1/DOCK1/RRAS/RDX/PIP5K1C/SSH2/BAIAP2/CYFIP2/ARPC4/PDGFD/GSN/BRAF/BDKRB2/ARHGAP35/SSH3/PFN2/ARHGEF6/ITGA2/MAP2K2/PTK2/RAC3/ITGA4/TIAM1/FGF17/PDGFRB/ITGB1/ITGAM/FN1"
"KEGG_GLYCOSAMINOGLYCAN_DEGRADATION","KEGG_GLYCOSAMINOGLYCAN_DEGRADATION",17,0.494317018976798,0.976367345645399,0.483402489626556,0.787920102500082,0.679443442536497,2057,"tags=41%, list=12%, signal=36%","HGSNAT/SGSH/ARSB/IDUA/IDS/GALNS/NAGLU"
"KEGG_GLYCOSAMINOGLYCAN_BIOSYNTHESIS_HEPARAN_SULFATE","KEGG_GLYCOSAMINOGLYCAN_BIOSYNTHESIS_HEPARAN_SULFATE",20,0.476223189003343,0.974648110942828,0.459244532803181,0.787920102500082,0.679443442536497,2692,"tags=40%, list=16%, signal=34%","EXTL2/EXTL3/B3GAT3/EXT1/NDST2/NDST1/NDST3/XYLT2"
"KEGG_TOLL_LIKE_RECEPTOR_SIGNALING_PATHWAY","KEGG_TOLL_LIKE_RECEPTOR_SIGNALING_PATHWAY",70,0.411614543808379,0.970252370752656,0.478350515463918,0.787920102500082,0.679443442536497,1993,"tags=19%, list=12%, signal=16%","MAPK11/MAP2K6/FOS/IL6/IRF3/IKBKB/MAPK12/TLR1/TIRAP/RIPK1/IFNAR2/MAP2K2/TLR4"
"KEGG_DRUG_METABOLISM_OTHER_ENZYMES","KEGG_DRUG_METABOLISM_OTHER_ENZYMES",21,-0.479962497344229,-0.969650225354123,0.51844262295082,0.787920102500082,0.679443442536497,447,"tags=14%, list=3%, signal=14%","UCK1/IMPDH1/UCK2"
"KEGG_NEUROACTIVE_LIGAND_RECEPTOR_INTERACTION","KEGG_NEUROACTIVE_LIGAND_RECEPTOR_INTERACTION",83,0.396118890552254,0.967303321408224,0.465069860279441,0.787920102500082,0.679443442536497,1442,"tags=22%, list=9%, signal=20%","DRD2/HTR7/S1PR2/TBXA2R/NR3C1/GRIK2/FPR1/NPY1R/GRIN2A/GIPR/GABRG3/GHR/GABBR1/C3AR1/ADRA1B/P2RX6/BDKRB2/ADORA2B"
"KEGG_GAP_JUNCTION","KEGG_GAP_JUNCTION",69,-0.385072632443206,-0.965544831445385,0.491228070175439,0.787920102500082,0.679443442536497,2330,"tags=22%, list=14%, signal=19%","EGF/ADRB1/TUBB6/MAPK1/MAP2K1/TUBA8/EGFR/PRKACB/TJP1/ADCY1/TUBA1C/PLCB4/TUBA1B/TUBB4B/GJA1"
"KEGG_MAPK_SIGNALING_PATHWAY","KEGG_MAPK_SIGNALING_PATHWAY",202,-0.333933621978809,-0.964515720965925,0.533755274261603,0.787920102500082,0.679443442536497,1748,"tags=17%, list=10%, signal=15%","GNA12/PTPRR/CACNB4/PPP3CB/RASA2/EGFR/MAP3K20/FLNA/FGF9/CACNA1C/DUSP5/JUN/HSPA2/RAP1A/CACNA1E/PRKACB/HSPB1/MRAS/MAP3K3/RRAS2/MAPK14/DUSP7/HSPA1L/MAPKAPK5/IL1R1/RAP1B/RAC2/FGF13/MYC/FGF1/MAPKAPK2/ATF4/RPS6KA2/HSPA1A"
"KEGG_PRION_DISEASES","KEGG_PRION_DISEASES",24,-0.465864521831684,-0.962788818668251,0.520491803278688,0.787920102500082,0.679443442536497,1141,"tags=29%, list=7%, signal=27%","MAPK1/STIP1/MAP2K1/PRKACB/NCAM2/NOTCH1/HSPA1A"
"KEGG_INOSITOL_PHOSPHATE_METABOLISM","KEGG_INOSITOL_PHOSPHATE_METABOLISM",49,0.423590292873168,0.962183023054444,0.503092783505155,0.787920102500082,0.679443442536497,2017,"tags=33%, list=12%, signal=29%","PLCB1/PLCE1/PIP5K1C/ITPKA/PLCD4/PLCD1/PTEN/ITPK1/INPP5K/INPP5J/ALDH6A1/SYNJ1/IMPA2/ISYNA1/PLCG2/PLCB3"
"KEGG_PORPHYRIN_AND_CHLOROPHYLL_METABOLISM","KEGG_PORPHYRIN_AND_CHLOROPHYLL_METABOLISM",20,-0.476305897083496,-0.962026428380409,0.543086172344689,0.787920102500082,0.679443442536497,770,"tags=20%, list=5%, signal=19%","EPRS1/HMOX1/UROD/MMAB"
"KEGG_VIBRIO_CHOLERAE_INFECTION","KEGG_VIBRIO_CHOLERAE_INFECTION",45,0.420199699286719,0.957295444485123,0.490981963927856,0.787920102500082,0.679443442536497,2276,"tags=22%, list=13%, signal=19%","ATP6V0A4/PDIA4/ATP6V0A1/ATP6V1A/KDELR1/TCIRG1/ADCY9/PLCG2/ATP6AP1/PRKCA"
"KEGG_GLYCOSPHINGOLIPID_BIOSYNTHESIS_GANGLIO_SERIES","KEGG_GLYCOSPHINGOLIPID_BIOSYNTHESIS_GANGLIO_SERIES",13,0.497209467323807,0.952866994980196,0.517819706498952,0.787920102500082,0.679443442536497,1622,"tags=23%, list=10%, signal=21%","ST3GAL5/B4GALNT1/ST3GAL2"
"KEGG_CALCIUM_SIGNALING_PATHWAY","KEGG_CALCIUM_SIGNALING_PATHWAY",103,0.378062151293251,0.95150890355955,0.509054325955734,0.787920102500082,0.679443442536497,2462,"tags=24%, list=15%, signal=21%","ERBB3/HTR7/TBXA2R/PLCB1/GRIN2A/PLCE1/ITPKA/PLCD4/CD38/PLCD1/CALM3/ADRA1B/P2RX6/BDKRB2/ADORA2B/SPHK1/ADCY9/PLCG2/PLCB3/PDGFRB/TRPC1/PRKCA/CHP1/ATP2A1/ITPR2"
"KEGG_METABOLISM_OF_XENOBIOTICS_BY_CYTOCHROME_P450","KEGG_METABOLISM_OF_XENOBIOTICS_BY_CYTOCHROME_P450",21,-0.470442895475624,-0.950418130871221,0.540983606557377,0.787920102500082,0.679443442536497,27,"tags=29%, list=0%, signal=29%","CYP2C18/ADH5/MGST3/CYP2C19/CYP2C9/MGST1"
"KEGG_TIGHT_JUNCTION","KEGG_TIGHT_JUNCTION",91,-0.364610619264615,-0.947275230616217,0.541666666666667,0.787920102500082,0.679443442536497,1969,"tags=24%, list=12%, signal=21%","RHOA/AFDN/YES1/MAP3K20/EPB41L3/MYH15/CLDN1/EPB41L2/CDK4/MYL9/ASH1L/MRAS/TJP2/PRKCD/RRAS2/ACTB/TJP1/ACTN2/PARD6G/SPTAN1/ACTG1/MYH10"
"KEGG_PARKINSONS_DISEASE","KEGG_PARKINSONS_DISEASE",114,-0.354642627667984,-0.945411132706611,0.535934291581109,0.787920102500082,0.679443442536497,1824,"tags=9%, list=11%, signal=8%","ATP5F1C/UBE2L3/UBE2J1/SDHC/ATP5F1B/MT-ND6/VDAC1/SNCAIP/SLC25A4/UCHL1"
"KEGG_RNA_POLYMERASE","KEGG_RNA_POLYMERASE",29,-0.436331565837308,-0.941740967524367,0.530737704918033,0.787920102500082,0.679443442536497,3386,"tags=28%, list=20%, signal=22%","POLR1A/POLR2B/POLR2F/POLR3K/POLR3C/POLR3F/POLR3B/POLR1E"
"KEGG_DNA_REPLICATION","KEGG_DNA_REPLICATION",35,-0.419509497900734,-0.938967694109975,0.536734693877551,0.787920102500082,0.679443442536497,4588,"tags=37%, list=27%, signal=27%","RFC1/POLA2/DNA2/PCNA/POLE/POLA1/PRIM2/RFC4/PRIM1/MCM5/POLD3/RFC5/POLE3"
"KEGG_PEROXISOME","KEGG_PEROXISOME",66,-0.371966376494642,-0.931966827203072,0.539805825242718,0.787920102500082,0.679443442536497,1144,"tags=11%, list=7%, signal=10%","EHHADH/FAR1/GNPAT/PEX19/NUDT19/DDO/FAR2"
"KEGG_SMALL_CELL_LUNG_CANCER","KEGG_SMALL_CELL_LUNG_CANCER",76,0.385324449514847,0.925626504064097,0.540816326530612,0.787920102500082,0.679443442536497,2170,"tags=21%, list=13%, signal=18%","LAMA4/RARB/PTGS2/COL4A1/LAMB2/CDKN1B/TRAF4/TRAF1/PTEN/IKBKB/ITGA2/COL4A2/PTK2/LAMA5/ITGB1/FN1"
"KEGG_GLYCOSPHINGOLIPID_BIOSYNTHESIS_GLOBO_SERIES","KEGG_GLYCOSPHINGOLIPID_BIOSYNTHESIS_GLOBO_SERIES",11,-0.50318609960287,-0.945084548664985,0.552631578947368,0.788739266198282,0.680149828122218,279,"tags=27%, list=2%, signal=27%","ST3GAL1/FUT9/B3GALNT1"
"KEGG_DORSO_VENTRAL_AXIS_FORMATION","KEGG_DORSO_VENTRAL_AXIS_FORMATION",19,-0.470689279161832,-0.942556286462214,0.560636182902585,0.788739266198282,0.680149828122218,2301,"tags=42%, list=14%, signal=36%","FMN2/MAPK1/MAP2K1/EGFR/ETS1/SPIRE1/NOTCH1/CPEB1"
"KEGG_FRUCTOSE_AND_MANNOSE_METABOLISM","KEGG_FRUCTOSE_AND_MANNOSE_METABOLISM",27,-0.43455016104151,-0.926111716511885,0.554639175257732,0.788739266198282,0.680149828122218,1730,"tags=30%, list=10%, signal=27%","HK1/PFKM/AKR1B1/PFKP/PFKFB3/SORD/MTMR1/PFKFB2"
"KEGG_P53_SIGNALING_PATHWAY","KEGG_P53_SIGNALING_PATHWAY",61,0.38942395525785,0.912250144763737,0.561475409836066,0.788739266198282,0.680149828122218,1670,"tags=21%, list=10%, signal=19%","STEAP3/SESN3/CD82/BBC3/THBS1/DDB2/SESN1/EI24/PTEN/CDKN1A/TSC2/PIDD1/TP53I3"
"KEGG_FC_GAMMA_R_MEDIATED_PHAGOCYTOSIS","KEGG_FC_GAMMA_R_MEDIATED_PHAGOCYTOSIS",78,-0.368236059811913,-0.934641112174216,0.574850299401198,0.795061799038682,0.685601908180844,2772,"tags=24%, list=16%, signal=20%","ARPC3/WASF1/WASF2/RAC1/CRKL/ARPC2/AMPH/LYN/GAB2/DOCK2/MAPK1/MAP2K1/MARCKS/LIMK2/PRKCD/RAC2/ARPC5/PIP5K1A/ARPC5L"
"KEGG_PENTOSE_PHOSPHATE_PATHWAY","KEGG_PENTOSE_PHOSPHATE_PATHWAY",20,-0.460352945930472,-0.929805200984645,0.581162324649299,0.795061799038682,0.685601908180844,1730,"tags=25%, list=10%, signal=22%","PFKM/PFKP/PGD/PGM2/GPI"
"KEGG_RNA_DEGRADATION","KEGG_RNA_DEGRADATION",56,-0.374210244389549,-0.917351058556091,0.586872586872587,0.795061799038682,0.685601908180844,3836,"tags=34%, list=23%, signal=26%","EDC3/CNOT7/HSPA9/TTC37/EXOSC7/MPHOSPH6/HSPD1/CNOT2/LSM5/PNPT1/CNOT4/XRN2/CNOT9/EXOSC10/PAPOLA/TENT4A/EXOSC2/EXOSC9/EXOSC3"
"KEGG_OXIDATIVE_PHOSPHORYLATION","KEGG_OXIDATIVE_PHOSPHORYLATION",117,0.354592650670247,0.913133352443827,0.576998050682261,0.795061799038682,0.685601908180844,4119,"tags=28%, list=24%, signal=21%","ATP6V0A4/ATP6V0A1/NDUFB10/ATP6V1A/NDUFA1/ATP5PO/TCIRG1/ATP5PD/UQCR11/NDUFA2/ATP6AP1/ATP5F1A/ATP5ME/ATP5PF/NDUFA3/NDUFV3/LHPP/ATP6V1E2/NDUFB1/NDUFC2/COX4I1/COX5B/ATP5MC1/ATP6V1G2/NDUFB9/COX8A/CYC1/COX6B1/COX6C/NDUFS8/COX7A2/ATP5F1E/NDUFC1"
"KEGG_JAK_STAT_SIGNALING_PATHWAY","KEGG_JAK_STAT_SIGNALING_PATHWAY",85,0.368216969352675,0.898342806621289,0.598790322580645,0.795061799038682,0.685601908180844,1056,"tags=13%, list=6%, signal=12%","IL11/SOCS7/SPRY2/STAT3/IL10RB/IL6/STAT5B/IL11RA/CLCF1/GHR/IL22RA1"
"KEGG_MELANOGENESIS","KEGG_MELANOGENESIS",67,0.381199597458431,0.897758538052895,0.592515592515592,0.795061799038682,0.685601908180844,1147,"tags=13%, list=7%, signal=13%","WNT5A/CREB3L2/PLCB1/GNAO1/FZD1/CTNNB1/DVL3/CALM3/WNT7B"
"KEGG_HOMOLOGOUS_RECOMBINATION","KEGG_HOMOLOGOUS_RECOMBINATION",27,-0.419819194387567,-0.894717134167087,0.606185567010309,0.795061799038682,0.685601908180844,4507,"tags=37%, list=27%, signal=27%","BLM/RAD51/RAD51C/RAD54L/MRE11/EME1/RAD50/POLD3/TOP3B/XRCC2"
"KEGG_TRYPTOPHAN_METABOLISM","KEGG_TRYPTOPHAN_METABOLISM",24,-0.430286231207455,-0.889260187928877,0.594262295081967,0.795061799038682,0.685601908180844,1293,"tags=42%, list=8%, signal=39%","ALDH2/OGDH/ACAT2/HADH/EHHADH/AADAT/ALDH1B1/AOX1/ALDH9A1/WARS1"
"KEGG_TYROSINE_METABOLISM","KEGG_TYROSINE_METABOLISM",23,0.41671367173498,0.871027854203326,0.609037328094303,0.795061799038682,0.685601908180844,1487,"tags=17%, list=9%, signal=16%","ALDH1A3/AOC3/AOC2/GSTZ1"
"KEGG_GLYCOSYLPHOSPHATIDYLINOSITOL_GPI_ANCHOR_BIOSYNTHESIS","KEGG_GLYCOSYLPHOSPHATIDYLINOSITOL_GPI_ANCHOR_BIOSYNTHESIS",24,0.411932013927229,0.867224587652366,0.610894941634241,0.795061799038682,0.685601908180844,3991,"tags=38%, list=24%, signal=29%","PIGS/PIGG/PIGP/PIGQ/PIGH/PIGX/PIGB/GPAA1/PGAP1"
"KEGG_VEGF_SIGNALING_PATHWAY","KEGG_VEGF_SIGNALING_PATHWAY",55,0.378130105752109,0.873504973893003,0.638429752066116,0.814287469455176,0.702180690282489,2352,"tags=29%, list=14%, signal=25%","MAPK11/VEGFA/NFATC2/PTGS2/PLA2G6/NFAT5/PLA2G12A/MAPK12/SPHK1/MAP2K2/PTK2/RAC3/PLCG2/PRKCA/BAD/CHP1"
"KEGG_NON_HOMOLOGOUS_END_JOINING","KEGG_NON_HOMOLOGOUS_END_JOINING",12,-0.457176987433689,-0.868848681456494,0.639468690702087,0.814287469455176,0.702180690282489,3696,"tags=50%, list=22%, signal=39%","XRCC6/DCLRE1C/MRE11/RAD50/XRCC4/PRKDC"
"KEGG_GLYCEROLIPID_METABOLISM","KEGG_GLYCEROLIPID_METABOLISM",37,0.391470281290862,0.867918470036844,0.635826771653543,0.814287469455176,0.702180690282489,1179,"tags=16%, list=7%, signal=15%","DGKG/GPAT3/AGK/DGKI/DGAT1/PLPP2"
"KEGG_GLYCOSAMINOGLYCAN_BIOSYNTHESIS_KERATAN_SULFATE","KEGG_GLYCOSAMINOGLYCAN_BIOSYNTHESIS_KERATAN_SULFATE",14,0.428612932556454,0.838728943839865,0.654320987654321,0.827248677248677,0.713357467743433,171,"tags=14%, list=1%, signal=14%","CHST1/B4GAT1"
"KEGG_SNARE_INTERACTIONS_IN_VESICULAR_TRANSPORT","KEGG_SNARE_INTERACTIONS_IN_VESICULAR_TRANSPORT",36,0.381277632096227,0.845116973843159,0.666666666666667,0.830985915492958,0.716580182851495,2055,"tags=22%, list=12%, signal=20%","SNAP25/VAMP2/VAMP1/STX5/STX10/TSNARE1/STX4/STX8"
"KEGG_PROXIMAL_TUBULE_BICARBONATE_RECLAMATION","KEGG_PROXIMAL_TUBULE_BICARBONATE_RECLAMATION",13,-0.444014704430561,-0.838741203686,0.664761904761905,0.830985915492958,0.716580182851495,1167,"tags=31%, list=7%, signal=29%","CA2/ATP1B1/ATP1B3/PCK2"
"KEGG_CELL_CYCLE","KEGG_CELL_CYCLE",118,-0.33315412722488,-0.896050154497782,0.674747474747475,0.835176944267853,0.72019421301718,2194,"tags=19%, list=13%, signal=17%","BUB3/ORC4/ANAPC1/GADD45B/PRKDC/ORC6/CCND3/CUL1/DBF4/PLK1/CDK2/E2F5/CDK4/ORC1/CDC20/YWHAG/CDC45/HDAC2/CCNH/MYC/YWHAH/ANAPC7/CDC25A"
"KEGG_FATTY_ACID_METABOLISM","KEGG_FATTY_ACID_METABOLISM",34,-0.379465577228341,-0.845026645623068,0.705284552845528,0.854592953277164,0.736937128903888,2758,"tags=29%, list=16%, signal=25%","HADHA/ADH5/ALDH2/ACADL/ACSL4/ACAT2/HADH/EHHADH/ALDH1B1/ALDH9A1"
"KEGG_FC_EPSILON_RI_SIGNALING_PATHWAY","KEGG_FC_EPSILON_RI_SIGNALING_PATHWAY",53,0.359077902438946,0.829289714530801,0.713701431492842,0.854592953277164,0.736937128903888,2825,"tags=23%, list=17%, signal=19%","MAPK11/MAP2K6/PLA2G6/PLA2G12A/MAPK12/MAP2K2/RAC3/PLCG2/PRKCA/PIK3CD/JMJD7-PLA2G4B/PLA2G4B"
"KEGG_ABC_TRANSPORTERS","KEGG_ABC_TRANSPORTERS",28,-0.38126385817699,-0.822289183860609,0.714574898785425,0.854592953277164,0.736937128903888,49,"tags=36%, list=0%, signal=36%","ABCC5/ABCA13/ABCB4/ABCD3/ABCB10/ABCB5/TAP2/ABCA1/ABCC1/ABCC9"
"KEGG_STEROID_HORMONE_BIOSYNTHESIS","KEGG_STEROID_HORMONE_BIOSYNTHESIS",12,-0.427134832571601,-0.811754629573966,0.707779886148008,0.854592953277164,0.736937128903888,1265,"tags=33%, list=7%, signal=31%","STS/HSD17B7/HSD17B12/SRD5A1"
"KEGG_GALACTOSE_METABOLISM","KEGG_GALACTOSE_METABOLISM",20,-0.398724400356029,-0.805329963646007,0.713426853707415,0.854592953277164,0.736937128903888,1730,"tags=35%, list=10%, signal=31%","HK1/PFKM/AKR1B1/GLB1/PFKP/MGAM/PGM2"
"KEGG_PHENYLALANINE_METABOLISM","KEGG_PHENYLALANINE_METABOLISM",10,-0.421148190065797,-0.781350522801321,0.720973782771536,0.856458788929945,0.738546086201856,655,"tags=20%, list=4%, signal=19%","GOT2/PRDX6"
"KEGG_ACUTE_MYELOID_LEUKEMIA","KEGG_ACUTE_MYELOID_LEUKEMIA",48,-0.345053937606348,-0.82198263334326,0.756335282651072,0.868767760268664,0.749160423663136,1996,"tags=15%, list=12%, signal=13%","MAPK1/MAP2K1/PPARD/PML/JUP/STAT5A/MYC"
"KEGG_GLYCEROPHOSPHOLIPID_METABOLISM","KEGG_GLYCEROPHOSPHOLIPID_METABOLISM",59,-0.333954853197211,-0.820376557903601,0.765384615384615,0.868767760268664,0.749160423663136,1583,"tags=12%, list=9%, signal=11%","MBOAT7/CHPT1/GNPAT/PISD/AGPAT2/DGKE/PCYT1B"
"KEGG_RIG_I_LIKE_RECEPTOR_SIGNALING_PATHWAY","KEGG_RIG_I_LIKE_RECEPTOR_SIGNALING_PATHWAY",50,0.353353763972304,0.805291601126062,0.744329896907217,0.868767760268664,0.749160423663136,3197,"tags=30%, list=19%, signal=24%","MAPK11/IFIH1/IRF3/IKBKB/STING1/MAPK12/RIPK1/TBKBP1/DHX58/NFKBIB/TRADD/TKFC/ISG15/NLRX1/IKBKG"
"KEGG_STARCH_AND_SUCROSE_METABOLISM","KEGG_STARCH_AND_SUCROSE_METABOLISM",21,-0.388720472623695,-0.78531738618111,0.754098360655738,0.868767760268664,0.749160423663136,693,"tags=19%, list=4%, signal=18%","HK1/MGAM/PGM2/GPI"
"KEGG_MELANOMA","KEGG_MELANOMA",54,0.337462314866842,0.781315240393322,0.775510204081633,0.868767760268664,0.749160423663136,2828,"tags=24%, list=17%, signal=20%","IGF1R/FGF12/PTEN/PDGFD/CDKN1A/BRAF/MAP2K2/FGF17/PDGFRB/BAD/PIK3CD/FGF7/CDK6"
"KEGG_GLYCOSAMINOGLYCAN_BIOSYNTHESIS_CHONDROITIN_SULFATE","KEGG_GLYCOSAMINOGLYCAN_BIOSYNTHESIS_CHONDROITIN_SULFATE",19,0.380050375368329,0.771794904943145,0.7374749498998,0.868767760268664,0.749160423663136,4047,"tags=42%, list=24%, signal=32%","B3GAT3/CHST11/CHPF/XYLT2/CHST14/CHPF2/CHST12/CHST3"
"KEGG_BETA_ALANINE_METABOLISM","KEGG_BETA_ALANINE_METABOLISM",18,-0.384599772388172,-0.767089343736363,0.753346080305927,0.868767760268664,0.749160423663136,2758,"tags=33%, list=16%, signal=28%","HADHA/ALDH2/HIBCH/EHHADH/ALDH1B1/ALDH9A1"
"KEGG_PANTOTHENATE_AND_COA_BIOSYNTHESIS","KEGG_PANTOTHENATE_AND_COA_BIOSYNTHESIS",12,-0.397370798932482,-0.755189137230749,0.772296015180266,0.868767760268664,0.749160423663136,461,"tags=25%, list=3%, signal=24%","PANK1/VNN1/PANK3"
"KEGG_HISTIDINE_METABOLISM","KEGG_HISTIDINE_METABOLISM",17,0.382317376863685,0.755147381361006,0.769709543568465,0.868767760268664,0.749160423663136,167,"tags=6%, list=1%, signal=6%","ALDH1A3"
"KEGG_NOD_LIKE_RECEPTOR_SIGNALING_PATHWAY","KEGG_NOD_LIKE_RECEPTOR_SIGNALING_PATHWAY",45,-0.342336057060467,-0.803034238799102,0.785288270377734,0.87418882928842,0.753835148657871,2824,"tags=31%, list=17%, signal=26%","NFKBIA/MAP3K7/IL1B/BIRC2/TNFAIP3/ERBIN/XIAP/NLRP1/MAPK1/CARD6/BIRC3/MAPK14/HSP90AB1/NLRP3"
"KEGG_REGULATION_OF_AUTOPHAGY","KEGG_REGULATION_OF_AUTOPHAGY",18,-0.369473959006768,-0.736920708460861,0.791586998087954,0.875693116634799,0.755132333702325,150,"tags=39%, list=1%, signal=39%","ATG4C/ATG7/ATG4A/ATG5/ATG3/PIK3C3/PRKAA2"
"KEGG_TYPE_II_DIABETES_MELLITUS","KEGG_TYPE_II_DIABETES_MELLITUS",29,-0.350383528243374,-0.756238027976069,0.811475409836066,0.890342052313883,0.767764481626602,2421,"tags=21%, list=14%, signal=18%","HK1/MAPK1/CACNA1C/CACNA1E/IRS4/PRKCD"
"KEGG_ENDOMETRIAL_CANCER","KEGG_ENDOMETRIAL_CANCER",46,0.327597492762386,0.745459788687702,0.814889336016097,0.890342052313883,0.767764481626602,3468,"tags=30%, list=20%, signal=24%","CTNNA2/CTNNB1/PTEN/CTNNA1/BRAF/MAP2K2/BAD/PIK3CD/TCF7L2/CCND1/CASP9/PIK3R3/AKT2/MAPK3"
"KEGG_AMYOTROPHIC_LATERAL_SCLEROSIS_ALS","KEGG_AMYOTROPHIC_LATERAL_SCLEROSIS_ALS",37,-0.337923402973738,-0.756872151084596,0.82995951417004,0.899036848914658,0.775262224755429,3026,"tags=35%, list=18%, signal=29%","MAP3K5/MAP2K3/PPP3R1/RAC1/TOMM40L/PPP3CA/BCL2/BCL2L1/PPP3CB/NEFL/MAPK14/GRIN2B/BID"
"KEGG_OLFACTORY_TRANSDUCTION","KEGG_OLFACTORY_TRANSDUCTION",23,0.342812159161737,0.716556618232,0.833005893909627,0.899036848914658,0.775262224755429,979,"tags=9%, list=6%, signal=8%","GRK3/CALM3"
"KEGG_VASOPRESSIN_REGULATED_WATER_REABSORPTION","KEGG_VASOPRESSIN_REGULATED_WATER_REABSORPTION",38,0.323651428121453,0.71693909926539,0.871794871794872,0.935198135198135,0.806445016971333,2139,"tags=18%, list=13%, signal=16%","CREB3L2/VAMP2/RAB11B/NSF/ADCY9/STX4/DYNC1I1"
"KEGG_VASCULAR_SMOOTH_MUSCLE_CONTRACTION","KEGG_VASCULAR_SMOOTH_MUSCLE_CONTRACTION",72,-0.303415258944422,-0.766433284200438,0.881091617933723,0.938004893703353,0.808865355854809,1996,"tags=24%, list=12%, signal=21%","MAPK1/RHOA/MAP2K1/GNA12/MYLK/CACNA1C/CALD1/CALM1/PRKACB/NPR2/PPP1R12A/MYL9/PPP1CC/PRKCD/ADCY1/AGTR1/PLCB4"
"KEGG_MISMATCH_REPAIR","KEGG_MISMATCH_REPAIR",22,-0.328907261990329,-0.669623201209851,0.885010266940452,0.938004893703353,0.808865355854809,4694,"tags=41%, list=28%, signal=30%","MSH6/RFC1/PCNA/MSH2/MLH3/RFC4/POLD3/EXO1/RFC5"
"KEGG_NUCLEOTIDE_EXCISION_REPAIR","KEGG_NUCLEOTIDE_EXCISION_REPAIR",43,0.31007061163,0.701649662726755,0.894,0.941892857142857,0.812218045112782,499,"tags=7%, list=3%, signal=7%","ERCC6/XPC/DDB2"
"KEGG_BASE_EXCISION_REPAIR","KEGG_BASE_EXCISION_REPAIR",33,-0.313035384920997,-0.690772578763221,0.907975460122699,0.945362684951281,0.815210165435241,4258,"tags=39%, list=25%, signal=30%","PCNA/POLE/APEX2/MUTYH/OGG1/PARP2/APEX1/MBD4/POLD3/LIG3/UNG/PARP1/POLE3"
"KEGG_TASTE_TRANSDUCTION","KEGG_TASTE_TRANSDUCTION",18,-0.317409479925273,-0.633077414840055,0.906309751434034,0.945362684951281,0.815210165435241,3335,"tags=22%, list=20%, signal=18%","ADCY6/PRKX/GNB1/PRKACB"
"KEGG_ALZHEIMERS_DISEASE","KEGG_ALZHEIMERS_DISEASE",141,-0.272617156875749,-0.757017506521247,0.928853754940711,0.96046511627907,0.828233374133007,2438,"tags=13%, list=14%, signal=11%","IL1B/PPP3CA/PSEN2/IDE/MME/MAPK1/ATP5F1C/PPP3CB/APH1A/CACNA1C/CALM1/SDHC/ATP5F1B/ATF6/PLCB4/GRIN2B/CAPN2/BID"
"KEGG_CYTOSOLIC_DNA_SENSING_PATHWAY","KEGG_CYTOSOLIC_DNA_SENSING_PATHWAY",31,-0.290550047877787,-0.637092477189523,0.933333333333333,0.96046511627907,0.828233374133007,2824,"tags=29%, list=17%, signal=24%","NFKBIA/TBK1/IL1B/POLR3K/DDX58/POLR3C/POLR3F/POLR3B/ADAR"
"KEGG_B_CELL_RECEPTOR_SIGNALING_PATHWAY","KEGG_B_CELL_RECEPTOR_SIGNALING_PATHWAY",51,0.285923227199528,0.652191865649605,0.94824016563147,0.964589134004426,0.831789618974974,3468,"tags=29%, list=20%, signal=23%","NFATC2/FOS/NFAT5/IKBKB/MAP2K2/RAC3/PLCG2/NFKBIB/CHP1/PIK3CD/PIK3R3/IKBKG/PPP3CC/AKT2/MAPK3"
"KEGG_ALDOSTERONE_REGULATED_SODIUM_REABSORPTION","KEGG_ALDOSTERONE_REGULATED_SODIUM_REABSORPTION",25,-0.296830912313501,-0.621564917439767,0.945344129554656,0.964589134004426,0.831789618974974,1996,"tags=16%, list=12%, signal=14%","MAPK1/ATP1B1/IRS4/ATP1B3"
"KEGG_BASAL_TRANSCRIPTION_FACTORS","KEGG_BASAL_TRANSCRIPTION_FACTORS",32,-0.264482972341986,-0.580121352572271,0.979716024340771,0.990912778904665,0.854489164086687,2202,"tags=22%, list=13%, signal=19%","GTF2H2/TAF6/GTF2IRD1/TAF5/GTF2E1/TAF5L/GTF2H3"
"KEGG_HUNTINGTONS_DISEASE","KEGG_HUNTINGTONS_DISEASE",163,-0.245751380027318,-0.689075667849325,0.997916666666667,0.997971602434077,0.860576166238128,3843,"tags=21%, list=23%, signal=16%","COX7A2L/ATP5MC3/CASP8/NDUFA10/MT-ATP6/VDAC2P5/SLC25A5/NDUFS2/NDUFB6/VDAC2/UQCRH/AP2A2/DCTN2/POLR2B/CREB1/NDUFS1/POLR2F/SP1/NDUFA5/PPID/SOD2/ATP5F1C/DNAH2/CREB5/SDHC/CLTA/ATP5F1B/PPARGC1A/VDAC1/REST/HDAC2/SLC25A4/PLCB4/GRIN2B"
"KEGG_PROTEIN_EXPORT","KEGG_PROTEIN_EXPORT",23,-0.201408651470713,-0.413160919575441,0.997971602434077,0.997971602434077,0.860576166238128,3181,"tags=22%, list=19%, signal=18%","SEC61B/SEC61A2/SRP19/SRP9/SEC63"
