"ID","Description","GeneRatio","BgRatio","pvalue","p.adjust","qvalue","geneID","Count"
"REACTOME_G_ALPHA_Q_SIGNALLING_EVENTS","REACTOME_G_ALPHA_Q_SIGNALLING_EVENTS","8/141","104/7682",0.000617147356695337,0.183200508531271,0.175580511608918,"RPS6KA2/EDN1/RGS2/PLCB4/DGKE/LPAR4/AGTR1/MGLL",8
"REACTOME_SIGNALING_BY_GPCR","REACTOME_SIGNALING_BY_GPCR","14/141","305/7682",0.00137163270930583,0.183200508531271,0.175580511608918,"RPS6KA2/EDN1/RGS2/ADORA1/PLCB4/DGKE/LPAR4/CALCB/CCRL2/AGTR1/ADCY1/MCF2L/MGLL/S1PR3",14
"REACTOME_HSP90_CHAPERONE_CYCLE_FOR_STEROID_HORMONE_RECEPTORS_SHR_IN_THE_PRESENCE_OF_LIGAND","REACTOME_HSP90_CHAPERONE_CYCLE_FOR_STEROID_HORMONE_RECEPTORS_SHR_IN_THE_PRESENCE_OF_LIGAND","5/141","47/7682",0.00160165704638684,0.183200508531271,0.175580511608918,"HSPA1A/AR/DNAJA4/HSPA1L/HSPA2",5
"REACTOME_OTHER_SEMAPHORIN_INTERACTIONS","REACTOME_OTHER_SEMAPHORIN_INTERACTIONS","3/141","14/7682",0.00189954484669247,0.183200508531271,0.175580511608918,"PLXNA2/SEMA7A/PLXNC1",3
"REACTOME_METABOLISM_OF_FOLATE_AND_PTERINES","REACTOME_METABOLISM_OF_FOLATE_AND_PTERINES","3/141","15/7682",0.00234271750039988,0.183200508531271,0.175580511608918,"SHMT2/ALDH1L2/SLC25A32",3
"REACTOME_CLASS_A_1_RHODOPSIN_LIKE_RECEPTORS","REACTOME_CLASS_A_1_RHODOPSIN_LIKE_RECEPTORS","6/141","79/7682",0.00318403727907806,0.20749309601992,0.198862679184524,"EDN1/ADORA1/LPAR4/CCRL2/AGTR1/S1PR3",6
"REACTOME_INTERLEUKIN_7_SIGNALING","REACTOME_INTERLEUKIN_7_SIGNALING","3/141","23/7682",0.00819202898721184,0.368300332034514,0.352981338549703,"TSLP/STAT5A/IL7R",3
"REACTOME_ATTENUATION_PHASE","REACTOME_ATTENUATION_PHASE","3/141","24/7682",0.00923824456711854,0.368300332034514,0.352981338549703,"HSPA1A/HSPA1L/HSPA2",3
"REACTOME_NCAM1_INTERACTIONS","REACTOME_NCAM1_INTERACTIONS","3/141","24/7682",0.00923824456711854,0.368300332034514,0.352981338549703,"COL5A2/ST8SIA2/GFRA1",3
"REACTOME_GPCR_LIGAND_BINDING","REACTOME_GPCR_LIGAND_BINDING","7/141","129/7682",0.00941944583208476,0.368300332034514,0.352981338549703,"EDN1/ADORA1/LPAR4/CALCB/CCRL2/AGTR1/S1PR3",7
"REACTOME_NEURONAL_SYSTEM","REACTOME_NEURONAL_SYSTEM","10/141","244/7682",0.0141131901852317,0.477858279494396,0.45798235967157,"RPS6KA2/GABRB2/ABCC9/GRIN2B/GABRA6/NRXN3/KCNJ8/PPFIA2/ADCY1/APBA1",10
"REACTOME_SEMAPHORIN_INTERACTIONS","REACTOME_SEMAPHORIN_INTERACTIONS","4/141","53/7682",0.0158948031608977,0.477858279494396,0.45798235967157,"PLXNA2/SEMA7A/MYH10/PLXNC1",4
"REACTOME_N_GLYCAN_ANTENNAE_ELONGATION","REACTOME_N_GLYCAN_ANTENNAE_ELONGATION","2/141","11/7682",0.0165060886594294,0.477858279494396,0.45798235967157,"ST6GAL1/ST8SIA2",2
"REACTOME_FORMATION_OF_THE_CORNIFIED_ENVELOPE","REACTOME_FORMATION_OF_THE_CORNIFIED_ENVELOPE","3/141","30/7682",0.0171100151225615,0.477858279494396,0.45798235967157,"KRT34/TCHH/JUP",3
"REACTOME_HSF1_DEPENDENT_TRANSACTIVATION","REACTOME_HSF1_DEPENDENT_TRANSACTIVATION","3/141","31/7682",0.0186937606503738,0.487284027619744,0.467016055546181,"HSPA1A/HSPA1L/HSPA2",3
"REACTOME_KERATINIZATION","REACTOME_KERATINIZATION","3/141","32/7682",0.0203561941599176,0.497454494782987,0.476763494798071,"KRT34/TCHH/JUP",3
"REACTOME_CARDIAC_CONDUCTION","REACTOME_CARDIAC_CONDUCTION","4/141","60/7682",0.0240048696591875,0.503901750564729,0.482942585007521,"ABCC9/FGF13/SCN5A/RYR2",4
"REACTOME_GABA_RECEPTOR_ACTIVATION","REACTOME_GABA_RECEPTOR_ACTIVATION","3/141","35/7682",0.02581667790244,0.503901750564729,0.482942585007521,"GABRB2/GABRA6/ADCY1",3
"REACTOME_PROTEIN_PROTEIN_INTERACTIONS_AT_SYNAPSES","REACTOME_PROTEIN_PROTEIN_INTERACTIONS_AT_SYNAPSES","4/141","64/7682",0.0295847663285981,0.503901750564729,0.482942585007521,"GRIN2B/NRXN3/PPFIA2/APBA1",4
"REACTOME_TRIGLYCERIDE_CATABOLISM","REACTOME_TRIGLYCERIDE_CATABOLISM","2/141","15/7682",0.030040395223946,0.503901750564729,0.482942585007521,"FABP6/MGLL",2
"REACTOME_NEUROTRANSMITTER_RECEPTORS_AND_POSTSYNAPTIC_SIGNAL_TRANSMISSION","REACTOME_NEUROTRANSMITTER_RECEPTORS_AND_POSTSYNAPTIC_SIGNAL_TRANSMISSION","6/141","130/7682",0.0321241606331374,0.503901750564729,0.482942585007521,"RPS6KA2/GABRB2/GRIN2B/GABRA6/ADCY1/APBA1",6
"REACTOME_TRANSMISSION_ACROSS_CHEMICAL_SYNAPSES","REACTOME_TRANSMISSION_ACROSS_CHEMICAL_SYNAPSES","7/141","169/7682",0.0356755251454472,0.503901750564729,0.482942585007521,"RPS6KA2/GABRB2/GRIN2B/GABRA6/PPFIA2/ADCY1/APBA1",7
"REACTOME_MUSCLE_CONTRACTION","REACTOME_MUSCLE_CONTRACTION","5/141","100/7682",0.0364680005997119,0.503901750564729,0.482942585007521,"ABCC9/FGF13/SCN5A/RYR2/TTN",5
"REACTOME_NEUREXINS_AND_NEUROLIGINS","REACTOME_NEUREXINS_AND_NEUROLIGINS","3/141","40/7682",0.036487871035506,0.503901750564729,0.482942585007521,"GRIN2B/NRXN3/APBA1",3
"REACTOME_DOPAMINE_NEUROTRANSMITTER_RELEASE_CYCLE","REACTOME_DOPAMINE_NEUROTRANSMITTER_RELEASE_CYCLE","2/141","17/7682",0.037994410775557,0.503901750564729,0.482942585007521,"PPFIA2/APBA1",2
"REACTOME_INWARDLY_RECTIFYING_K_CHANNELS","REACTOME_INWARDLY_RECTIFYING_K_CHANNELS","2/141","17/7682",0.037994410775557,0.503901750564729,0.482942585007521,"ABCC9/KCNJ8",2
"REACTOME_N_GLYCAN_ANTENNAE_ELONGATION_IN_THE_MEDIAL_TRANS_GOLGI","REACTOME_N_GLYCAN_ANTENNAE_ELONGATION_IN_THE_MEDIAL_TRANS_GOLGI","2/141","17/7682",0.037994410775557,0.503901750564729,0.482942585007521,"ST6GAL1/ST8SIA2",2
"REACTOME_PHASE_0_RAPID_DEPOLARISATION","REACTOME_PHASE_0_RAPID_DEPOLARISATION","2/141","17/7682",0.037994410775557,0.503901750564729,0.482942585007521,"FGF13/SCN5A",2
"REACTOME_NCAM_SIGNALING_FOR_NEURITE_OUT_GROWTH","REACTOME_NCAM_SIGNALING_FOR_NEURITE_OUT_GROWTH","3/141","42/7682",0.0412982854769831,0.503901750564729,0.482942585007521,"COL5A2/ST8SIA2/GFRA1",3
"REACTOME_PEPTIDE_LIGAND_BINDING_RECEPTORS","REACTOME_PEPTIDE_LIGAND_BINDING_RECEPTORS","3/141","42/7682",0.0412982854769831,0.503901750564729,0.482942585007521,"EDN1/CCRL2/AGTR1",3
"REACTOME_METABOLISM_OF_WATER_SOLUBLE_VITAMINS_AND_COFACTORS","REACTOME_METABOLISM_OF_WATER_SOLUBLE_VITAMINS_AND_COFACTORS","5/141","104/7682",0.0420684432421201,0.503901750564729,0.482942585007521,"SHMT2/ALDH1L2/SLC25A32/NMNAT2/AOX1",5
"REACTOME_TRP_CHANNELS","REACTOME_TRP_CHANNELS","2/141","18/7682",0.0422392601391703,0.503901750564729,0.482942585007521,"TRPV4/MCOLN3",2
"REACTOME_ACTIVATION_OF_NMDA_RECEPTORS_AND_POSTSYNAPTIC_EVENTS","REACTOME_ACTIVATION_OF_NMDA_RECEPTORS_AND_POSTSYNAPTIC_EVENTS","4/141","72/7682",0.0428767094737083,0.503901750564729,0.482942585007521,"RPS6KA2/GRIN2B/ADCY1/APBA1",4
"REACTOME_ASSEMBLY_OF_COLLAGEN_FIBRILS_AND_OTHER_MULTIMERIC_STRUCTURES","REACTOME_ASSEMBLY_OF_COLLAGEN_FIBRILS_AND_OTHER_MULTIMERIC_STRUCTURES","3/141","43/7682",0.0438175435273677,0.503901750564729,0.482942585007521,"COL5A2/LOX/CTSS",3
"REACTOME_SIGNALING_BY_RECEPTOR_TYROSINE_KINASES","REACTOME_SIGNALING_BY_RECEPTOR_TYROSINE_KINASES","13/141","424/7682",0.0472076164575841,0.527376515283297,0.505440946132329,"COL5A2/RPS6KA2/GABRB2/LRIG1/ANOS1/CD274/FGF1/KITLG/GRIN2B/STAT5A/PTPRZ1/JUP/IRS4",13
"REACTOME_METABOLISM_OF_VITAMINS_AND_COFACTORS","REACTOME_METABOLISM_OF_VITAMINS_AND_COFACTORS","6/141","147/7682",0.0531064481631492,0.560965453705383,0.53763279450563,"SHMT2/GPC4/ALDH1L2/SLC25A32/NMNAT2/AOX1",6
"REACTOME_EFFECTS_OF_PIP2_HYDROLYSIS","REACTOME_EFFECTS_OF_PIP2_HYDROLYSIS","2/141","21/7682",0.0559530759450382,0.560965453705383,0.53763279450563,"DGKE/MGLL",2
"REACTOME_SIGNALING_BY_ALK","REACTOME_SIGNALING_BY_ALK","2/141","21/7682",0.0559530759450382,0.560965453705383,0.53763279450563,"CD274/PTPRZ1",2
"REACTOME_TRIGLYCERIDE_METABOLISM","REACTOME_TRIGLYCERIDE_METABOLISM","2/141","21/7682",0.0559530759450382,0.560965453705383,0.53763279450563,"FABP6/MGLL",2
"REACTOME_ION_CHANNEL_TRANSPORT","REACTOME_ION_CHANNEL_TRANSPORT","5/141","115/7682",0.0600247189232827,0.58007670356,0.555949135731215,"TRPV4/MCOLN3/ATP10B/ATP8B1/RYR2",5
"REACTOME_EPHA_MEDIATED_GROWTH_CONE_COLLAPSE","REACTOME_EPHA_MEDIATED_GROWTH_CONE_COLLAPSE","2/141","22/7682",0.0608264574065473,0.58007670356,0.555949135731215,"EPHA5/MYH10",2
"REACTOME_ADHERENS_JUNCTIONS_INTERACTIONS","REACTOME_ADHERENS_JUNCTIONS_INTERACTIONS","2/141","23/7682",0.0658392601131507,0.598677923354463,0.573776660961607,"JUP/NECTIN4",2
"REACTOME_HS_GAG_BIOSYNTHESIS","REACTOME_HS_GAG_BIOSYNTHESIS","2/141","23/7682",0.0658392601131507,0.598677923354463,0.573776660961607,"GPC4/HS3ST3B1",2
"REACTOME_BILE_ACID_AND_BILE_SALT_METABOLISM","REACTOME_BILE_ACID_AND_BILE_SALT_METABOLISM","2/141","24/7682",0.0709848069809718,0.60337085933826,0.578274400119587,"OSBPL6/FABP6",2
"REACTOME_CREB1_PHOSPHORYLATION_THROUGH_NMDA_RECEPTOR_MEDIATED_ACTIVATION_OF_RAS_SIGNALING","REACTOME_CREB1_PHOSPHORYLATION_THROUGH_NMDA_RECEPTOR_MEDIATED_ACTIVATION_OF_RAS_SIGNALING","2/141","24/7682",0.0709848069809718,0.60337085933826,0.578274400119587,"RPS6KA2/GRIN2B",2
"REACTOME_SYNTHESIS_OF_PC","REACTOME_SYNTHESIS_OF_PC","2/141","24/7682",0.0709848069809718,0.60337085933826,0.578274400119587,"PCYT1B/SLC44A5",2
"REACTOME_NEGATIVE_REGULATION_OF_FGFR1_SIGNALING","REACTOME_NEGATIVE_REGULATION_OF_FGFR1_SIGNALING","2/141","25/7682",0.0762566159762795,0.634390145675006,0.608003477884781,"ANOS1/FGF1",2
"REACTOME_FGFR1_MUTANT_RECEPTOR_ACTIVATION","REACTOME_FGFR1_MUTANT_RECEPTOR_ACTIVATION","2/141","27/7682",0.0871540386133745,0.655331328804412,0.62807363859031,"FGF1/STAT5A",2
"REACTOME_HSF1_ACTIVATION","REACTOME_HSF1_ACTIVATION","2/141","27/7682",0.0871540386133745,0.655331328804412,0.62807363859031,"HSPA1A/HSPA1L",2
"REACTOME_ION_HOMEOSTASIS","REACTOME_ION_HOMEOSTASIS","2/141","27/7682",0.0871540386133745,0.655331328804412,0.62807363859031,"ABCC9/RYR2",2
"REACTOME_RUNX2_REGULATES_BONE_DEVELOPMENT","REACTOME_RUNX2_REGULATES_BONE_DEVELOPMENT","2/141","27/7682",0.0871540386133745,0.655331328804412,0.62807363859031,"AR/GLI2",2
"REACTOME_SIALIC_ACID_METABOLISM","REACTOME_SIALIC_ACID_METABOLISM","2/141","27/7682",0.0871540386133745,0.655331328804412,0.62807363859031,"ST6GAL1/ST8SIA2",2
"REACTOME_ASSEMBLY_AND_CELL_SURFACE_PRESENTATION_OF_NMDA_RECEPTORS","REACTOME_ASSEMBLY_AND_CELL_SURFACE_PRESENTATION_OF_NMDA_RECEPTORS","2/141","29/7682",0.0984833920546857,0.700417279580458,0.671284295411612,"GRIN2B/APBA1",2
"REACTOME_ION_TRANSPORT_BY_P_TYPE_ATPASES","REACTOME_ION_TRANSPORT_BY_P_TYPE_ATPASES","2/141","30/7682",0.104295776121266,0.700417279580458,0.671284295411612,"ATP10B/ATP8B1",2
"REACTOME_TRANSCRIPTIONAL_REGULATION_BY_THE_AP_2_TFAP2_FAMILY_OF_TRANSCRIPTION_FACTORS","REACTOME_TRANSCRIPTIONAL_REGULATION_BY_THE_AP_2_TFAP2_FAMILY_OF_TRANSCRIPTION_FACTORS","2/141","30/7682",0.104295776121266,0.700417279580458,0.671284295411612,"CGB8/CITED4",2
"REACTOME_NEUROTRANSMITTER_RELEASE_CYCLE","REACTOME_NEUROTRANSMITTER_RELEASE_CYCLE","2/141","32/7682",0.116188908010801,0.700417279580458,0.671284295411612,"PPFIA2/APBA1",2
"REACTOME_STIMULI_SENSING_CHANNELS","REACTOME_STIMULI_SENSING_CHANNELS","3/141","66/7682",0.12062106317932,0.700417279580458,0.671284295411612,"TRPV4/MCOLN3/RYR2",3
"REACTOME_ELASTIC_FIBRE_FORMATION","REACTOME_ELASTIC_FIBRE_FORMATION","2/141","33/7682",0.122259323475561,0.700417279580458,0.671284295411612,"FBN2/LOX",2
"REACTOME_COLLAGEN_FORMATION","REACTOME_COLLAGEN_FORMATION","3/141","67/7682",0.124670468522582,0.700417279580458,0.671284295411612,"COL5A2/LOX/CTSS",3
"REACTOME_SIGNALING_BY_FGFR1_IN_DISEASE","REACTOME_SIGNALING_BY_FGFR1_IN_DISEASE","2/141","34/7682",0.128405678655289,0.700417279580458,0.671284295411612,"FGF1/STAT5A",2
"REACTOME_SIGNALING_BY_SCF_KIT","REACTOME_SIGNALING_BY_SCF_KIT","2/141","34/7682",0.128405678655289,0.700417279580458,0.671284295411612,"KITLG/STAT5A",2
"REACTOME_NR1H2_AND_NR1H3_MEDIATED_SIGNALING","REACTOME_NR1H2_AND_NR1H3_MEDIATED_SIGNALING","2/141","35/7682",0.134623193852431,0.700417279580458,0.671284295411612,"PLTP/FABP6",2
"REACTOME_SIGNALING_BY_TYPE_1_INSULIN_LIKE_GROWTH_FACTOR_1_RECEPTOR_IGF1R","REACTOME_SIGNALING_BY_TYPE_1_INSULIN_LIKE_GROWTH_FACTOR_1_RECEPTOR_IGF1R","2/141","35/7682",0.134623193852431,0.700417279580458,0.671284295411612,"FGF1/IRS4",2
"REACTOME_CELL_CELL_JUNCTION_ORGANIZATION","REACTOME_CELL_CELL_JUNCTION_ORGANIZATION","2/141","36/7682",0.140907236973936,0.700417279580458,0.671284295411612,"JUP/NECTIN4",2
"REACTOME_REGULATION_OF_INSULIN_LIKE_GROWTH_FACTOR_IGF_TRANSPORT_AND_UPTAKE_BY_INSULIN_LIKE_GROWTH_FACTOR_BINDING_PROTEINS_IGFBPS","REACTOME_REGULATION_OF_INSULIN_LIKE_GROWTH_FACTOR_IGF_TRANSPORT_AND_UPTAKE_BY_INSULIN_LIKE_GROWTH_FACTOR_BINDING_PROTEINS_IGFBPS","3/141","74/7682",0.15431443850031,0.700417279580458,0.671284295411612,"PAPPA2/CHRDL1/IGFBP1",3
"REACTOME_NUCLEAR_RECEPTOR_TRANSCRIPTION_PATHWAY","REACTOME_NUCLEAR_RECEPTOR_TRANSCRIPTION_PATHWAY","2/141","40/7682",0.166621005733884,0.700417279580458,0.671284295411612,"AR/RORB",2
"REACTOME_SIGNALING_BY_FGFR1","REACTOME_SIGNALING_BY_FGFR1","2/141","40/7682",0.166621005733884,0.700417279580458,0.671284295411612,"ANOS1/FGF1",2
"REACTOME_REGULATION_OF_HSF1_MEDIATED_HEAT_SHOCK_RESPONSE","REACTOME_REGULATION_OF_HSF1_MEDIATED_HEAT_SHOCK_RESPONSE","3/141","77/7682",0.167643069988088,0.700417279580458,0.671284295411612,"HSPA1A/HSPA1L/HSPA2",3
"REACTOME_CREB1_PHOSPHORYLATION_THROUGH_THE_ACTIVATION_OF_ADENYLATE_CYCLASE","REACTOME_CREB1_PHOSPHORYLATION_THROUGH_THE_ACTIVATION_OF_ADENYLATE_CYCLASE","1/141","10/7682",0.169195630058923,0.700417279580458,0.671284295411612,"ADCY1",1
"REACTOME_ENDOSOMAL_VACUOLAR_PATHWAY","REACTOME_ENDOSOMAL_VACUOLAR_PATHWAY","1/141","10/7682",0.169195630058923,0.700417279580458,0.671284295411612,"CTSS",1
"REACTOME_PLASMA_LIPOPROTEIN_REMODELING","REACTOME_PLASMA_LIPOPROTEIN_REMODELING","1/141","10/7682",0.169195630058923,0.700417279580458,0.671284295411612,"PLTP",1
"REACTOME_PROLACTIN_RECEPTOR_SIGNALING","REACTOME_PROLACTIN_RECEPTOR_SIGNALING","1/141","10/7682",0.169195630058923,0.700417279580458,0.671284295411612,"STAT5A",1
"REACTOME_RESPONSE_TO_METAL_IONS","REACTOME_RESPONSE_TO_METAL_IONS","1/141","10/7682",0.169195630058923,0.700417279580458,0.671284295411612,"MT1G",1
"REACTOME_SIGNALING_BY_LEPTIN","REACTOME_SIGNALING_BY_LEPTIN","1/141","10/7682",0.169195630058923,0.700417279580458,0.671284295411612,"STAT5A",1
"REACTOME_TRAFFICKING_AND_PROCESSING_OF_ENDOSOMAL_TLR","REACTOME_TRAFFICKING_AND_PROCESSING_OF_ENDOSOMAL_TLR","1/141","10/7682",0.169195630058923,0.700417279580458,0.671284295411612,"CTSS",1
"REACTOME_G_PROTEIN_MEDIATED_EVENTS","REACTOME_G_PROTEIN_MEDIATED_EVENTS","2/141","41/7682",0.173173115932194,0.700417279580458,0.671284295411612,"PLCB4/ADCY1",2
"REACTOME_POTASSIUM_CHANNELS","REACTOME_POTASSIUM_CHANNELS","2/141","41/7682",0.173173115932194,0.700417279580458,0.671284295411612,"ABCC9/KCNJ8",2
"REACTOME_HEPARAN_SULFATE_HEPARIN_HS_GAG_METABOLISM","REACTOME_HEPARAN_SULFATE_HEPARIN_HS_GAG_METABOLISM","2/141","42/7682",0.179766857454954,0.700417279580458,0.671284295411612,"GPC4/HS3ST3B1",2
"REACTOME_INOSITOL_PHOSPHATE_METABOLISM","REACTOME_INOSITOL_PHOSPHATE_METABOLISM","2/141","42/7682",0.179766857454954,0.700417279580458,0.671284295411612,"PLCB4/NUDT10",2
"REACTOME_CHEMOKINE_RECEPTORS_BIND_CHEMOKINES","REACTOME_CHEMOKINE_RECEPTORS_BIND_CHEMOKINES","1/141","11/7682",0.184464584198873,0.700417279580458,0.671284295411612,"CCRL2",1
"REACTOME_INTERLEUKIN_15_SIGNALING","REACTOME_INTERLEUKIN_15_SIGNALING","1/141","11/7682",0.184464584198873,0.700417279580458,0.671284295411612,"STAT5A",1
"REACTOME_THE_NLRP3_INFLAMMASOME","REACTOME_THE_NLRP3_INFLAMMASOME","1/141","11/7682",0.184464584198873,0.700417279580458,0.671284295411612,"NLRP3",1
"REACTOME_EPH_EPHRIN_SIGNALING","REACTOME_EPH_EPHRIN_SIGNALING","3/141","81/7682",0.185912821842995,0.700417279580458,0.671284295411612,"EPHA5/GRIN2B/MYH10",3
"REACTOME_G_ALPHA_I_SIGNALLING_EVENTS","REACTOME_G_ALPHA_I_SIGNALLING_EVENTS","4/141","125/7682",0.196939781203194,0.700417279580458,0.671284295411612,"ADORA1/PLCB4/ADCY1/S1PR3",4
"REACTOME_ACETYLCHOLINE_NEUROTRANSMITTER_RELEASE_CYCLE","REACTOME_ACETYLCHOLINE_NEUROTRANSMITTER_RELEASE_CYCLE","1/141","12/7682",0.199454871466238,0.700417279580458,0.671284295411612,"PPFIA2",1
"REACTOME_CRMPS_IN_SEMA3A_SIGNALING","REACTOME_CRMPS_IN_SEMA3A_SIGNALING","1/141","12/7682",0.199454871466238,0.700417279580458,0.671284295411612,"PLXNA2",1
"REACTOME_DEFECTIVE_EXT2_CAUSES_EXOSTOSES_2","REACTOME_DEFECTIVE_EXT2_CAUSES_EXOSTOSES_2","1/141","12/7682",0.199454871466238,0.700417279580458,0.671284295411612,"GPC4",1
"REACTOME_PD_1_SIGNALING","REACTOME_PD_1_SIGNALING","1/141","12/7682",0.199454871466238,0.700417279580458,0.671284295411612,"CD274",1
"REACTOME_PI_3K_CASCADE_FGFR3","REACTOME_PI_3K_CASCADE_FGFR3","1/141","12/7682",0.199454871466238,0.700417279580458,0.671284295411612,"FGF1",1
"REACTOME_PI_3K_CASCADE_FGFR4","REACTOME_PI_3K_CASCADE_FGFR4","1/141","12/7682",0.199454871466238,0.700417279580458,0.671284295411612,"FGF1",1
"REACTOME_PKA_ACTIVATION_IN_GLUCAGON_SIGNALLING","REACTOME_PKA_ACTIVATION_IN_GLUCAGON_SIGNALLING","1/141","12/7682",0.199454871466238,0.700417279580458,0.671284295411612,"ADCY1",1
"REACTOME_SEROTONIN_NEUROTRANSMITTER_RELEASE_CYCLE","REACTOME_SEROTONIN_NEUROTRANSMITTER_RELEASE_CYCLE","1/141","12/7682",0.199454871466238,0.700417279580458,0.671284295411612,"PPFIA2",1
"REACTOME_SHC_MEDIATED_CASCADE_FGFR3","REACTOME_SHC_MEDIATED_CASCADE_FGFR3","1/141","12/7682",0.199454871466238,0.700417279580458,0.671284295411612,"FGF1",1
"REACTOME_SHC_MEDIATED_CASCADE_FGFR4","REACTOME_SHC_MEDIATED_CASCADE_FGFR4","1/141","12/7682",0.199454871466238,0.700417279580458,0.671284295411612,"FGF1",1
"REACTOME_TERMINATION_OF_O_GLYCAN_BIOSYNTHESIS","REACTOME_TERMINATION_OF_O_GLYCAN_BIOSYNTHESIS","1/141","12/7682",0.199454871466238,0.700417279580458,0.671284295411612,"ST6GAL1",1
"REACTOME_UNBLOCKING_OF_NMDA_RECEPTORS_GLUTAMATE_BINDING_AND_ACTIVATION","REACTOME_UNBLOCKING_OF_NMDA_RECEPTORS_GLUTAMATE_BINDING_AND_ACTIVATION","1/141","12/7682",0.199454871466238,0.700417279580458,0.671284295411612,"GRIN2B",1
"REACTOME_CONSTITUTIVE_SIGNALING_BY_ABERRANT_PI3K_IN_CANCER","REACTOME_CONSTITUTIVE_SIGNALING_BY_ABERRANT_PI3K_IN_CANCER","2/141","47/7682",0.213234704047408,0.700417279580458,0.671284295411612,"FGF1/KITLG",2
"REACTOME_GLUTAMATE_AND_GLUTAMINE_METABOLISM","REACTOME_GLUTAMATE_AND_GLUTAMINE_METABOLISM","1/141","13/7682",0.214171542016859,0.700417279580458,0.671284295411612,"RIMKLB",1
"REACTOME_PI_3K_CASCADE_FGFR1","REACTOME_PI_3K_CASCADE_FGFR1","1/141","13/7682",0.214171542016859,0.700417279580458,0.671284295411612,"FGF1",1
"REACTOME_PI_3K_CASCADE_FGFR2","REACTOME_PI_3K_CASCADE_FGFR2","1/141","13/7682",0.214171542016859,0.700417279580458,0.671284295411612,"FGF1",1
"REACTOME_RAP1_SIGNALLING","REACTOME_RAP1_SIGNALLING","1/141","13/7682",0.214171542016859,0.700417279580458,0.671284295411612,"RAP1GAP2",1
"REACTOME_REGULATION_OF_KIT_SIGNALING","REACTOME_REGULATION_OF_KIT_SIGNALING","1/141","13/7682",0.214171542016859,0.700417279580458,0.671284295411612,"KITLG",1
"REACTOME_SEMA3A_PLEXIN_REPULSION_SIGNALING_BY_INHIBITING_INTEGRIN_ADHESION","REACTOME_SEMA3A_PLEXIN_REPULSION_SIGNALING_BY_INHIBITING_INTEGRIN_ADHESION","1/141","13/7682",0.214171542016859,0.700417279580458,0.671284295411612,"PLXNA2",1
"REACTOME_SHC_MEDIATED_CASCADE_FGFR1","REACTOME_SHC_MEDIATED_CASCADE_FGFR1","1/141","13/7682",0.214171542016859,0.700417279580458,0.671284295411612,"FGF1",1
"REACTOME_SIGNALING_BY_ERBB4","REACTOME_SIGNALING_BY_ERBB4","2/141","48/7682",0.220004646121828,0.700417279580458,0.671284295411612,"GABRB2/STAT5A",2
"REACTOME_ADORA2B_MEDIATED_ANTI_INFLAMMATORY_CYTOKINES_PRODUCTION","REACTOME_ADORA2B_MEDIATED_ANTI_INFLAMMATORY_CYTOKINES_PRODUCTION","2/141","49/7682",0.226792739591395,0.700417279580458,0.671284295411612,"CALCB/ADCY1",2
"REACTOME_SIGNALING_BY_PDGF","REACTOME_SIGNALING_BY_PDGF","2/141","49/7682",0.226792739591395,0.700417279580458,0.671284295411612,"COL5A2/STAT5A",2
"REACTOME_FRS_MEDIATED_FGFR3_SIGNALING","REACTOME_FRS_MEDIATED_FGFR3_SIGNALING","1/141","14/7682",0.228619555131427,0.700417279580458,0.671284295411612,"FGF1",1
"REACTOME_FRS_MEDIATED_FGFR4_SIGNALING","REACTOME_FRS_MEDIATED_FGFR4_SIGNALING","1/141","14/7682",0.228619555131427,0.700417279580458,0.671284295411612,"FGF1",1
"REACTOME_NOREPINEPHRINE_NEUROTRANSMITTER_RELEASE_CYCLE","REACTOME_NOREPINEPHRINE_NEUROTRANSMITTER_RELEASE_CYCLE","1/141","14/7682",0.228619555131427,0.700417279580458,0.671284295411612,"PPFIA2",1
"REACTOME_REGULATION_OF_FZD_BY_UBIQUITINATION","REACTOME_REGULATION_OF_FZD_BY_UBIQUITINATION","1/141","14/7682",0.228619555131427,0.700417279580458,0.671284295411612,"LGR5",1
"REACTOME_SYNAPTIC_ADHESION_LIKE_MOLECULES","REACTOME_SYNAPTIC_ADHESION_LIKE_MOLECULES","1/141","14/7682",0.228619555131427,0.700417279580458,0.671284295411612,"GRIN2B",1
"REACTOME_DEGRADATION_OF_THE_EXTRACELLULAR_MATRIX","REACTOME_DEGRADATION_OF_THE_EXTRACELLULAR_MATRIX","3/141","90/7682",0.228710334012948,0.700417279580458,0.671284295411612,"COL5A2/FBN2/CTSS",3
"REACTOME_RHOA_GTPASE_CYCLE","REACTOME_RHOA_GTPASE_CYCLE","4/141","136/7682",0.239595333409427,0.700417279580458,0.671284295411612,"ARHGAP30/ARHGAP6/JUP/MCF2L",4
"REACTOME_ACTIVATION_OF_BAD_AND_TRANSLOCATION_TO_MITOCHONDRIA","REACTOME_ACTIVATION_OF_BAD_AND_TRANSLOCATION_TO_MITOCHONDRIA","1/141","15/7682",0.242803780839104,0.700417279580458,0.671284295411612,"BID",1
"REACTOME_CROSSLINKING_OF_COLLAGEN_FIBRILS","REACTOME_CROSSLINKING_OF_COLLAGEN_FIBRILS","1/141","15/7682",0.242803780839104,0.700417279580458,0.671284295411612,"LOX",1
"REACTOME_DEFECTIVE_B4GALT7_CAUSES_EDS_PROGEROID_TYPE","REACTOME_DEFECTIVE_B4GALT7_CAUSES_EDS_PROGEROID_TYPE","1/141","15/7682",0.242803780839104,0.700417279580458,0.671284295411612,"GPC4",1
"REACTOME_FRS_MEDIATED_FGFR1_SIGNALING","REACTOME_FRS_MEDIATED_FGFR1_SIGNALING","1/141","15/7682",0.242803780839104,0.700417279580458,0.671284295411612,"FGF1",1
"REACTOME_FRS_MEDIATED_FGFR2_SIGNALING","REACTOME_FRS_MEDIATED_FGFR2_SIGNALING","1/141","15/7682",0.242803780839104,0.700417279580458,0.671284295411612,"FGF1",1
"REACTOME_GASTRIN_CREB_SIGNALLING_PATHWAY_VIA_PKC_AND_MAPK","REACTOME_GASTRIN_CREB_SIGNALLING_PATHWAY_VIA_PKC_AND_MAPK","1/141","15/7682",0.242803780839104,0.700417279580458,0.671284295411612,"RPS6KA2",1
"REACTOME_INFLAMMASOMES","REACTOME_INFLAMMASOMES","1/141","15/7682",0.242803780839104,0.700417279580458,0.671284295411612,"NLRP3",1
"REACTOME_INTERLEUKIN_20_FAMILY_SIGNALING","REACTOME_INTERLEUKIN_20_FAMILY_SIGNALING","1/141","15/7682",0.242803780839104,0.700417279580458,0.671284295411612,"STAT5A",1
"REACTOME_MECP2_REGULATES_NEURONAL_RECEPTORS_AND_CHANNELS","REACTOME_MECP2_REGULATES_NEURONAL_RECEPTORS_AND_CHANNELS","1/141","15/7682",0.242803780839104,0.700417279580458,0.671284295411612,"GRIN2B",1
"REACTOME_OTHER_INTERLEUKIN_SIGNALING","REACTOME_OTHER_INTERLEUKIN_SIGNALING","1/141","15/7682",0.242803780839104,0.700417279580458,0.671284295411612,"PTPRZ1",1
"REACTOME_PKA_MEDIATED_PHOSPHORYLATION_OF_CREB","REACTOME_PKA_MEDIATED_PHOSPHORYLATION_OF_CREB","1/141","15/7682",0.242803780839104,0.700417279580458,0.671284295411612,"ADCY1",1
"REACTOME_SEMA3A_PAK_DEPENDENT_AXON_REPULSION","REACTOME_SEMA3A_PAK_DEPENDENT_AXON_REPULSION","1/141","15/7682",0.242803780839104,0.700417279580458,0.671284295411612,"PLXNA2",1
"REACTOME_SIGNALING_BY_FLT3_ITD_AND_TKD_MUTANTS","REACTOME_SIGNALING_BY_FLT3_ITD_AND_TKD_MUTANTS","1/141","15/7682",0.242803780839104,0.700417279580458,0.671284295411612,"STAT5A",1
"REACTOME_STRIATED_MUSCLE_CONTRACTION","REACTOME_STRIATED_MUSCLE_CONTRACTION","1/141","15/7682",0.242803780839104,0.700417279580458,0.671284295411612,"TTN",1
"REACTOME_CELLULAR_RESPONSE_TO_HEAT_STRESS","REACTOME_CELLULAR_RESPONSE_TO_HEAT_STRESS","3/141","93/7682",0.243380188421866,0.700417279580458,0.671284295411612,"HSPA1A/HSPA1L/HSPA2",3
"REACTOME_SIGNALING_BY_FGFR_IN_DISEASE","REACTOME_SIGNALING_BY_FGFR_IN_DISEASE","2/141","52/7682",0.247237204368933,0.700417279580458,0.671284295411612,"FGF1/STAT5A",2
"REACTOME_CDC42_GTPASE_CYCLE","REACTOME_CDC42_GTPASE_CYCLE","4/141","138/7682",0.247580669009675,0.700417279580458,0.671284295411612,"ARHGAP30/DOCK11/JUP/MCF2L",4
"REACTOME_LONG_TERM_POTENTIATION","REACTOME_LONG_TERM_POTENTIATION","1/141","16/7682",0.256729001512338,0.700417279580458,0.671284295411612,"GRIN2B",1
"REACTOME_NEGATIVE_REGULATION_OF_NMDA_RECEPTOR_MEDIATED_NEURONAL_TRANSMISSION","REACTOME_NEGATIVE_REGULATION_OF_NMDA_RECEPTOR_MEDIATED_NEURONAL_TRANSMISSION","1/141","16/7682",0.256729001512338,0.700417279580458,0.671284295411612,"GRIN2B",1
"REACTOME_RAS_ACTIVATION_UPON_CA2_INFLUX_THROUGH_NMDA_RECEPTOR","REACTOME_RAS_ACTIVATION_UPON_CA2_INFLUX_THROUGH_NMDA_RECEPTOR","1/141","16/7682",0.256729001512338,0.700417279580458,0.671284295411612,"GRIN2B",1
"REACTOME_RAB_GERANYLGERANYLATION","REACTOME_RAB_GERANYLGERANYLATION","2/141","54/7682",0.260906642864927,0.700417279580458,0.671284295411612,"RAB15/RAB38",2
"REACTOME_GLYCEROPHOSPHOLIPID_BIOSYNTHESIS","REACTOME_GLYCEROPHOSPHOLIPID_BIOSYNTHESIS","3/141","97/7682",0.263168194894351,0.700417279580458,0.671284295411612,"PCYT1B/SLC44A5/MGLL",3
"REACTOME_SYNTHESIS_OF_SUBSTRATES_IN_N_GLYCAN_BIOSYTHESIS","REACTOME_SYNTHESIS_OF_SUBSTRATES_IN_N_GLYCAN_BIOSYTHESIS","2/141","55/7682",0.267745681493944,0.700417279580458,0.671284295411612,"ST6GAL1/ST8SIA2",2
"REACTOME_NERVOUS_SYSTEM_DEVELOPMENT","REACTOME_NERVOUS_SYSTEM_DEVELOPMENT","11/141","482/7682",0.270212580718404,0.700417279580458,0.671284295411612,"PLXNA2/COL5A2/RPS6KA2/ST8SIA2/SEMA7A/EPHA5/GRIN2B/MYH10/GFRA1/SCN5A/PLXNC1",11
"REACTOME_GLUTAMATE_NEUROTRANSMITTER_RELEASE_CYCLE","REACTOME_GLUTAMATE_NEUROTRANSMITTER_RELEASE_CYCLE","1/141","17/7682",0.270399913433387,0.700417279580458,0.671284295411612,"PPFIA2",1
"REACTOME_RECEPTOR_TYPE_TYROSINE_PROTEIN_PHOSPHATASES","REACTOME_RECEPTOR_TYPE_TYROSINE_PROTEIN_PHOSPHATASES","1/141","17/7682",0.270399913433387,0.700417279580458,0.671284295411612,"PPFIA2",1
"REACTOME_RHO_GTPASES_ACTIVATE_CIT","REACTOME_RHO_GTPASES_ACTIVATE_CIT","1/141","17/7682",0.270399913433387,0.700417279580458,0.671284295411612,"MYH10",1
"REACTOME_RHO_GTPASES_ACTIVATE_ROCKS","REACTOME_RHO_GTPASES_ACTIVATE_ROCKS","1/141","17/7682",0.270399913433387,0.700417279580458,0.671284295411612,"MYH10",1
"REACTOME_G_ALPHA_S_SIGNALLING_EVENTS","REACTOME_G_ALPHA_S_SIGNALLING_EVENTS","2/141","57/7682",0.281420584795063,0.700417279580458,0.671284295411612,"CALCB/ADCY1",2
"REACTOME_PHASE_II_CONJUGATION_OF_COMPOUNDS","REACTOME_PHASE_II_CONJUGATION_OF_COMPOUNDS","2/141","57/7682",0.281420584795063,0.700417279580458,0.671284295411612,"MGST1/GLYATL1",2
"REACTOME_GROWTH_HORMONE_RECEPTOR_SIGNALING","REACTOME_GROWTH_HORMONE_RECEPTOR_SIGNALING","1/141","18/7682",0.283821128333047,0.700417279580458,0.671284295411612,"STAT5A",1
"REACTOME_NUCLEAR_EVENTS_STIMULATED_BY_ALK_SIGNALING_IN_CANCER","REACTOME_NUCLEAR_EVENTS_STIMULATED_BY_ALK_SIGNALING_IN_CANCER","1/141","18/7682",0.283821128333047,0.700417279580458,0.671284295411612,"STAT5A",1
"REACTOME_PURINERGIC_SIGNALING_IN_LEISHMANIASIS_INFECTION","REACTOME_PURINERGIC_SIGNALING_IN_LEISHMANIASIS_INFECTION","1/141","18/7682",0.283821128333047,0.700417279580458,0.671284295411612,"NLRP3",1
"REACTOME_SEMA4D_INDUCED_CELL_MIGRATION_AND_GROWTH_CONE_COLLAPSE","REACTOME_SEMA4D_INDUCED_CELL_MIGRATION_AND_GROWTH_CONE_COLLAPSE","1/141","18/7682",0.283821128333047,0.700417279580458,0.671284295411612,"MYH10",1
"REACTOME_SIGNALING_BY_CYTOSOLIC_FGFR1_FUSION_MUTANTS","REACTOME_SIGNALING_BY_CYTOSOLIC_FGFR1_FUSION_MUTANTS","1/141","18/7682",0.283821128333047,0.700417279580458,0.671284295411612,"STAT5A",1
"REACTOME_SIGNALING_BY_FGFR2_IIIA_TM","REACTOME_SIGNALING_BY_FGFR2_IIIA_TM","1/141","18/7682",0.283821128333047,0.700417279580458,0.671284295411612,"FGF1",1
"REACTOME_SIGNALING_BY_KIT_IN_DISEASE","REACTOME_SIGNALING_BY_KIT_IN_DISEASE","1/141","18/7682",0.283821128333047,0.700417279580458,0.671284295411612,"STAT5A",1
"REACTOME_TP53_REGULATES_TRANSCRIPTION_OF_GENES_INVOLVED_IN_CYTOCHROME_C_RELEASE","REACTOME_TP53_REGULATES_TRANSCRIPTION_OF_GENES_INVOLVED_IN_CYTOCHROME_C_RELEASE","1/141","18/7682",0.283821128333047,0.700417279580458,0.671284295411612,"BID",1
"REACTOME_DOWNSTREAM_SIGNALING_OF_ACTIVATED_FGFR3","REACTOME_DOWNSTREAM_SIGNALING_OF_ACTIVATED_FGFR3","1/141","19/7682",0.296997174902076,0.700417279580458,0.671284295411612,"FGF1",1
"REACTOME_DOWNSTREAM_SIGNALING_OF_ACTIVATED_FGFR4","REACTOME_DOWNSTREAM_SIGNALING_OF_ACTIVATED_FGFR4","1/141","19/7682",0.296997174902076,0.700417279580458,0.671284295411612,"FGF1",1
"REACTOME_FOXO_MEDIATED_TRANSCRIPTION_OF_OXIDATIVE_STRESS_METABOLIC_AND_NEURONAL_GENES","REACTOME_FOXO_MEDIATED_TRANSCRIPTION_OF_OXIDATIVE_STRESS_METABOLIC_AND_NEURONAL_GENES","1/141","19/7682",0.296997174902076,0.700417279580458,0.671284295411612,"IGFBP1",1
"REACTOME_HS_GAG_DEGRADATION","REACTOME_HS_GAG_DEGRADATION","1/141","19/7682",0.296997174902076,0.700417279580458,0.671284295411612,"GPC4",1
"REACTOME_INTERACTION_BETWEEN_L1_AND_ANKYRINS","REACTOME_INTERACTION_BETWEEN_L1_AND_ANKYRINS","1/141","19/7682",0.296997174902076,0.700417279580458,0.671284295411612,"SCN5A",1
"REACTOME_RHO_GTPASES_ACTIVATE_PAKS","REACTOME_RHO_GTPASES_ACTIVATE_PAKS","1/141","19/7682",0.296997174902076,0.700417279580458,0.671284295411612,"MYH10",1
"REACTOME_SIGNALING_BY_FLT3_FUSION_PROTEINS","REACTOME_SIGNALING_BY_FLT3_FUSION_PROTEINS","1/141","19/7682",0.296997174902076,0.700417279580458,0.671284295411612,"STAT5A",1
"REACTOME_CELL_JUNCTION_ORGANIZATION","REACTOME_CELL_JUNCTION_ORGANIZATION","2/141","61/7682",0.308696774163217,0.700417279580458,0.671284295411612,"JUP/NECTIN4",2
"REACTOME_A_TETRASACCHARIDE_LINKER_SEQUENCE_IS_REQUIRED_FOR_GAG_SYNTHESIS","REACTOME_A_TETRASACCHARIDE_LINKER_SEQUENCE_IS_REQUIRED_FOR_GAG_SYNTHESIS","1/141","20/7682",0.309932500275795,0.700417279580458,0.671284295411612,"GPC4",1
"REACTOME_DOWNSTREAM_SIGNALING_OF_ACTIVATED_FGFR2","REACTOME_DOWNSTREAM_SIGNALING_OF_ACTIVATED_FGFR2","1/141","20/7682",0.309932500275795,0.700417279580458,0.671284295411612,"FGF1",1
"REACTOME_NEGATIVE_REGULATION_OF_MET_ACTIVITY","REACTOME_NEGATIVE_REGULATION_OF_MET_ACTIVITY","1/141","20/7682",0.309932500275795,0.700417279580458,0.671284295411612,"LRIG1",1
"REACTOME_METABOLISM_OF_STEROIDS","REACTOME_METABOLISM_OF_STEROIDS","3/141","108/7682",0.318405031025486,0.700417279580458,0.671284295411612,"OSBPL6/DHCR24/FABP6",3
"REACTOME_RUNX2_REGULATES_OSTEOBLAST_DIFFERENTIATION","REACTOME_RUNX2_REGULATES_OSTEOBLAST_DIFFERENTIATION","1/141","21/7682",0.322631471492333,0.700417279580458,0.671284295411612,"AR",1
"REACTOME_SIGNALING_BY_ERYTHROPOIETIN","REACTOME_SIGNALING_BY_ERYTHROPOIETIN","1/141","21/7682",0.322631471492333,0.700417279580458,0.671284295411612,"STAT5A",1
"REACTOME_SYNTHESIS_OF_BILE_ACIDS_AND_BILE_SALTS","REACTOME_SYNTHESIS_OF_BILE_ACIDS_AND_BILE_SALTS","1/141","21/7682",0.322631471492333,0.700417279580458,0.671284295411612,"OSBPL6",1
"REACTOME_CASPASE_ACTIVATION_VIA_EXTRINSIC_APOPTOTIC_SIGNALLING_PATHWAY","REACTOME_CASPASE_ACTIVATION_VIA_EXTRINSIC_APOPTOTIC_SIGNALLING_PATHWAY","1/141","22/7682",0.335098376924989,0.700417279580458,0.671284295411612,"DAPK1",1
"REACTOME_DOWNSTREAM_SIGNALING_OF_ACTIVATED_FGFR1","REACTOME_DOWNSTREAM_SIGNALING_OF_ACTIVATED_FGFR1","1/141","22/7682",0.335098376924989,0.700417279580458,0.671284295411612,"FGF1",1
"REACTOME_ERK_MAPK_TARGETS","REACTOME_ERK_MAPK_TARGETS","1/141","22/7682",0.335098376924989,0.700417279580458,0.671284295411612,"RPS6KA2",1
"REACTOME_GLUCAGON_SIGNALING_IN_METABOLIC_REGULATION","REACTOME_GLUCAGON_SIGNALING_IN_METABOLIC_REGULATION","1/141","22/7682",0.335098376924989,0.700417279580458,0.671284295411612,"ADCY1",1
"REACTOME_INACTIVATION_OF_CSF3_G_CSF_SIGNALING","REACTOME_INACTIVATION_OF_CSF3_G_CSF_SIGNALING","1/141","22/7682",0.335098376924989,0.700417279580458,0.671284295411612,"STAT5A",1
"REACTOME_SEMA4D_IN_SEMAPHORIN_SIGNALING","REACTOME_SEMA4D_IN_SEMAPHORIN_SIGNALING","1/141","22/7682",0.335098376924989,0.700417279580458,0.671284295411612,"MYH10",1
"REACTOME_SIGNALING_BY_BMP","REACTOME_SIGNALING_BY_BMP","1/141","22/7682",0.335098376924989,0.700417279580458,0.671284295411612,"CHRDL1",1
"REACTOME_OPIOID_SIGNALLING","REACTOME_OPIOID_SIGNALLING","2/141","65/7682",0.335770109400634,0.700417279580458,0.671284295411612,"PLCB4/ADCY1",2
"REACTOME_TRANSCRIPTIONAL_REGULATION_BY_RUNX2","REACTOME_TRANSCRIPTIONAL_REGULATION_BY_RUNX2","3/141","112/7682",0.338603330374005,0.700417279580458,0.671284295411612,"SOX9/AR/GLI2",3
"REACTOME_RHO_GTPASES_ACTIVATE_PKNS","REACTOME_RHO_GTPASES_ACTIVATE_PKNS","2/141","66/7682",0.34249351709505,0.700417279580458,0.671284295411612,"AR/MYH10",2
"REACTOME_FGFR2_MUTANT_RECEPTOR_ACTIVATION","REACTOME_FGFR2_MUTANT_RECEPTOR_ACTIVATION","1/141","23/7682",0.347337427689164,0.700417279580458,0.671284295411612,"FGF1",1
"REACTOME_GABA_B_RECEPTOR_ACTIVATION","REACTOME_GABA_B_RECEPTOR_ACTIVATION","1/141","23/7682",0.347337427689164,0.700417279580458,0.671284295411612,"ADCY1",1
"REACTOME_MET_ACTIVATES_PTK2_SIGNALING","REACTOME_MET_ACTIVATES_PTK2_SIGNALING","1/141","23/7682",0.347337427689164,0.700417279580458,0.671284295411612,"COL5A2",1
"REACTOME_MISCELLANEOUS_TRANSPORT_AND_BINDING_EVENTS","REACTOME_MISCELLANEOUS_TRANSPORT_AND_BINDING_EVENTS","1/141","23/7682",0.347337427689164,0.700417279580458,0.671284295411612,"NIPAL4",1
"REACTOME_NEGATIVE_REGULATION_OF_FGFR3_SIGNALING","REACTOME_NEGATIVE_REGULATION_OF_FGFR3_SIGNALING","1/141","23/7682",0.347337427689164,0.700417279580458,0.671284295411612,"FGF1",1
"REACTOME_NEGATIVE_REGULATION_OF_FGFR4_SIGNALING","REACTOME_NEGATIVE_REGULATION_OF_FGFR4_SIGNALING","1/141","23/7682",0.347337427689164,0.700417279580458,0.671284295411612,"FGF1",1
"REACTOME_SIGNALING_BY_NTRK2_TRKB","REACTOME_SIGNALING_BY_NTRK2_TRKB","1/141","23/7682",0.347337427689164,0.700417279580458,0.671284295411612,"GRIN2B",1
"REACTOME_SYNDECAN_INTERACTIONS","REACTOME_SYNDECAN_INTERACTIONS","1/141","23/7682",0.347337427689164,0.700417279580458,0.671284295411612,"COL5A2",1
"REACTOME_SYNTHESIS_OF_IP3_AND_IP4_IN_THE_CYTOSOL","REACTOME_SYNTHESIS_OF_IP3_AND_IP4_IN_THE_CYTOSOL","1/141","23/7682",0.347337427689164,0.700417279580458,0.671284295411612,"PLCB4",1
"REACTOME_TELOMERE_EXTENSION_BY_TELOMERASE","REACTOME_TELOMERE_EXTENSION_BY_TELOMERASE","1/141","23/7682",0.347337427689164,0.700417279580458,0.671284295411612,"TERT",1
"REACTOME_VEGFR2_MEDIATED_VASCULAR_PERMEABILITY","REACTOME_VEGFR2_MEDIATED_VASCULAR_PERMEABILITY","1/141","23/7682",0.347337427689164,0.700417279580458,0.671284295411612,"JUP",1
"REACTOME_BIOLOGICAL_OXIDATIONS","REACTOME_BIOLOGICAL_OXIDATIONS","3/141","114/7682",0.3486943951094,0.700417279580458,0.671284295411612,"MGST1/MTARC2/GLYATL1",3
"REACTOME_RHOB_GTPASE_CYCLE","REACTOME_RHOB_GTPASE_CYCLE","2/141","67/7682",0.349195764743434,0.700417279580458,0.671284295411612,"JUP/MCF2L",2
"REACTOME_SIGNALING_BY_MET","REACTOME_SIGNALING_BY_MET","2/141","67/7682",0.349195764743434,0.700417279580458,0.671284295411612,"COL5A2/LRIG1",2
"REACTOME_INTERFERON_GAMMA_SIGNALING","REACTOME_INTERFERON_GAMMA_SIGNALING","2/141","68/7682",0.355875368852338,0.700417279580458,0.671284295411612,"GBP1/TRIM22",2
"REACTOME_CHOLESTEROL_BIOSYNTHESIS","REACTOME_CHOLESTEROL_BIOSYNTHESIS","1/141","24/7682",0.359352759024303,0.700417279580458,0.671284295411612,"DHCR24",1
"REACTOME_GLUTATHIONE_CONJUGATION","REACTOME_GLUTATHIONE_CONJUGATION","1/141","24/7682",0.359352759024303,0.700417279580458,0.671284295411612,"MGST1",1
"REACTOME_GLYOXYLATE_METABOLISM_AND_GLYCINE_DEGRADATION","REACTOME_GLYOXYLATE_METABOLISM_AND_GLYCINE_DEGRADATION","1/141","24/7682",0.359352759024303,0.700417279580458,0.671284295411612,"DDO",1
"REACTOME_MTORC1_MEDIATED_SIGNALLING","REACTOME_MTORC1_MEDIATED_SIGNALLING","1/141","24/7682",0.359352759024303,0.700417279580458,0.671284295411612,"RRAGD",1
"REACTOME_NEGATIVE_REGULATION_OF_FGFR2_SIGNALING","REACTOME_NEGATIVE_REGULATION_OF_FGFR2_SIGNALING","1/141","24/7682",0.359352759024303,0.700417279580458,0.671284295411612,"FGF1",1
"REACTOME_NUCLEAR_SIGNALING_BY_ERBB4","REACTOME_NUCLEAR_SIGNALING_BY_ERBB4","1/141","24/7682",0.359352759024303,0.700417279580458,0.671284295411612,"STAT5A",1
"REACTOME_UPTAKE_AND_ACTIONS_OF_BACTERIAL_TOXINS","REACTOME_UPTAKE_AND_ACTIONS_OF_BACTERIAL_TOXINS","1/141","24/7682",0.359352759024303,0.700417279580458,0.671284295411612,"SV2A",1
"REACTOME_SIGNALING_BY_FGFR","REACTOME_SIGNALING_BY_FGFR","2/141","69/7682",0.36253090670397,0.700417279580458,0.671284295411612,"ANOS1/FGF1",2
"REACTOME_TRANSPORT_OF_SMALL_MOLECULES","REACTOME_TRANSPORT_OF_SMALL_MOLECULES","10/141","471/7682",0.363867946598366,0.700417279580458,0.671284295411612,"ABCC9/SLC44A5/TRPV4/MCOLN3/PLTP/ATP10B/ATP8B1/NIPAL4/ADCY1/RYR2",10
"REACTOME_ANTI_INFLAMMATORY_RESPONSE_FAVOURING_LEISHMANIA_PARASITE_INFECTION","REACTOME_ANTI_INFLAMMATORY_RESPONSE_FAVOURING_LEISHMANIA_PARASITE_INFECTION","2/141","70/7682",0.369161014652668,0.700417279580458,0.671284295411612,"CALCB/ADCY1",2
"REACTOME_BIOSYNTHESIS_OF_THE_N_GLYCAN_PRECURSOR_DOLICHOL_LIPID_LINKED_OLIGOSACCHARIDE_LLO_AND_TRANSFER_TO_A_NASCENT_PROTEIN","REACTOME_BIOSYNTHESIS_OF_THE_N_GLYCAN_PRECURSOR_DOLICHOL_LIPID_LINKED_OLIGOSACCHARIDE_LLO_AND_TRANSFER_TO_A_NASCENT_PROTEIN","2/141","70/7682",0.369161014652668,0.700417279580458,0.671284295411612,"ST6GAL1/ST8SIA2",2
"REACTOME_RHOG_GTPASE_CYCLE","REACTOME_RHOG_GTPASE_CYCLE","2/141","70/7682",0.369161014652668,0.700417279580458,0.671284295411612,"SHMT2/MCF2L",2
"REACTOME_FCGR3A_MEDIATED_IL10_SYNTHESIS","REACTOME_FCGR3A_MEDIATED_IL10_SYNTHESIS","1/141","25/7682",0.371148431651304,0.700417279580458,0.671284295411612,"ADCY1",1
"REACTOME_INTERLEUKIN_2_FAMILY_SIGNALING","REACTOME_INTERLEUKIN_2_FAMILY_SIGNALING","1/141","25/7682",0.371148431651304,0.700417279580458,0.671284295411612,"STAT5A",1
"REACTOME_SUMOYLATION_OF_INTRACELLULAR_RECEPTORS","REACTOME_SUMOYLATION_OF_INTRACELLULAR_RECEPTORS","1/141","25/7682",0.371148431651304,0.700417279580458,0.671284295411612,"AR",1
"REACTOME_PI3K_AKT_SIGNALING_IN_CANCER","REACTOME_PI3K_AKT_SIGNALING_IN_CANCER","2/141","72/7682",0.382339771686515,0.700417279580458,0.671284295411612,"FGF1/KITLG",2
"REACTOME_RHOC_GTPASE_CYCLE","REACTOME_RHOC_GTPASE_CYCLE","2/141","72/7682",0.382339771686515,0.700417279580458,0.671284295411612,"JUP/MCF2L",2
"REACTOME_DETOXIFICATION_OF_REACTIVE_OXYGEN_SPECIES","REACTOME_DETOXIFICATION_OF_REACTIVE_OXYGEN_SPECIES","1/141","26/7682",0.382728433105811,0.700417279580458,0.671284295411612,"GPX3",1
"REACTOME_INTERLEUKIN_10_SIGNALING","REACTOME_INTERLEUKIN_10_SIGNALING","1/141","26/7682",0.382728433105811,0.700417279580458,0.671284295411612,"IL1R1",1
"REACTOME_MOLECULES_ASSOCIATED_WITH_ELASTIC_FIBRES","REACTOME_MOLECULES_ASSOCIATED_WITH_ELASTIC_FIBRES","1/141","26/7682",0.382728433105811,0.700417279580458,0.671284295411612,"FBN2",1
"REACTOME_SIGNALING_BY_INTERLEUKINS","REACTOME_SIGNALING_BY_INTERLEUKINS","7/141","325/7682",0.387845580705641,0.700417279580458,0.671284295411612,"RPS6KA2/TSLP/STAT5A/IL1R1/IL13RA2/PTPRZ1/IL7R",7
"REACTOME_ATF4_ACTIVATES_GENES_IN_RESPONSE_TO_ENDOPLASMIC_RETICULUM_STRESS","REACTOME_ATF4_ACTIVATES_GENES_IN_RESPONSE_TO_ENDOPLASMIC_RETICULUM_STRESS","1/141","27/7682",0.394096679047828,0.700417279580458,0.671284295411612,"IGFBP1",1
"REACTOME_CA_DEPENDENT_EVENTS","REACTOME_CA_DEPENDENT_EVENTS","1/141","27/7682",0.394096679047828,0.700417279580458,0.671284295411612,"ADCY1",1
"REACTOME_COLLAGEN_CHAIN_TRIMERIZATION","REACTOME_COLLAGEN_CHAIN_TRIMERIZATION","1/141","27/7682",0.394096679047828,0.700417279580458,0.671284295411612,"COL5A2",1
"REACTOME_FLT3_SIGNALING_IN_DISEASE","REACTOME_FLT3_SIGNALING_IN_DISEASE","1/141","27/7682",0.394096679047828,0.700417279580458,0.671284295411612,"STAT5A",1
"REACTOME_MATURATION_OF_SARS_COV_2_SPIKE_PROTEIN","REACTOME_MATURATION_OF_SARS_COV_2_SPIKE_PROTEIN","1/141","27/7682",0.394096679047828,0.700417279580458,0.671284295411612,"ST6GAL1",1
"REACTOME_NICOTINATE_METABOLISM","REACTOME_NICOTINATE_METABOLISM","1/141","27/7682",0.394096679047828,0.700417279580458,0.671284295411612,"NMNAT2",1
"REACTOME_SIGNALING_BY_CSF3_G_CSF","REACTOME_SIGNALING_BY_CSF3_G_CSF","1/141","27/7682",0.394096679047828,0.700417279580458,0.671284295411612,"STAT5A",1
"REACTOME_DOWNSTREAM_SIGNAL_TRANSDUCTION","REACTOME_DOWNSTREAM_SIGNAL_TRANSDUCTION","1/141","28/7682",0.405257014548058,0.70739059235844,0.677967561931901,"STAT5A",1
"REACTOME_ENERGY_DEPENDENT_REGULATION_OF_MTOR_BY_LKB1_AMPK","REACTOME_ENERGY_DEPENDENT_REGULATION_OF_MTOR_BY_LKB1_AMPK","1/141","28/7682",0.405257014548058,0.70739059235844,0.677967561931901,"RRAGD",1
"REACTOME_METABOLISM_OF_FAT_SOLUBLE_VITAMINS","REACTOME_METABOLISM_OF_FAT_SOLUBLE_VITAMINS","1/141","28/7682",0.405257014548058,0.70739059235844,0.677967561931901,"GPC4",1
"REACTOME_VASOPRESSIN_REGULATES_RENAL_WATER_HOMEOSTASIS_VIA_AQUAPORINS","REACTOME_VASOPRESSIN_REGULATES_RENAL_WATER_HOMEOSTASIS_VIA_AQUAPORINS","1/141","28/7682",0.405257014548058,0.70739059235844,0.677967561931901,"ADCY1",1
"REACTOME_ACTIVATION_OF_BH3_ONLY_PROTEINS","REACTOME_ACTIVATION_OF_BH3_ONLY_PROTEINS","1/141","29/7682",0.416213215351392,0.713769154396466,0.684080815628327,"BID",1
"REACTOME_METALLOPROTEASE_DUBS","REACTOME_METALLOPROTEASE_DUBS","1/141","29/7682",0.416213215351392,0.713769154396466,0.684080815628327,"NLRP3",1
"REACTOME_NR1H3_NR1H2_REGULATE_GENE_EXPRESSION_LINKED_TO_CHOLESTEROL_TRANSPORT_AND_EFFLUX","REACTOME_NR1H3_NR1H2_REGULATE_GENE_EXPRESSION_LINKED_TO_CHOLESTEROL_TRANSPORT_AND_EFFLUX","1/141","29/7682",0.416213215351392,0.713769154396466,0.684080815628327,"PLTP",1
"REACTOME_TRANSLATION_OF_SARS_COV_1_STRUCTURAL_PROTEINS","REACTOME_TRANSLATION_OF_SARS_COV_1_STRUCTURAL_PROTEINS","1/141","29/7682",0.416213215351392,0.713769154396466,0.684080815628327,"ST6GAL1",1
"REACTOME_NEGATIVE_REGULATION_OF_THE_PI3K_AKT_NETWORK","REACTOME_NEGATIVE_REGULATION_OF_THE_PI3K_AKT_NETWORK","2/141","78/7682",0.421140978229556,0.716501608348145,0.686699616561959,"FGF1/KITLG",2
"REACTOME_AQUAPORIN_MEDIATED_TRANSPORT","REACTOME_AQUAPORIN_MEDIATED_TRANSPORT","1/141","30/7682",0.426968989117948,0.716501608348145,0.686699616561959,"ADCY1",1
"REACTOME_DISEASES_ASSOCIATED_WITH_GLYCOSAMINOGLYCAN_METABOLISM","REACTOME_DISEASES_ASSOCIATED_WITH_GLYCOSAMINOGLYCAN_METABOLISM","1/141","30/7682",0.426968989117948,0.716501608348145,0.686699616561959,"GPC4",1
"REACTOME_G_ALPHA_Z_SIGNALLING_EVENTS","REACTOME_G_ALPHA_Z_SIGNALLING_EVENTS","1/141","30/7682",0.426968989117948,0.716501608348145,0.686699616561959,"ADCY1",1
"REACTOME_MAPK_TARGETS_NUCLEAR_EVENTS_MEDIATED_BY_MAP_KINASES","REACTOME_MAPK_TARGETS_NUCLEAR_EVENTS_MEDIATED_BY_MAP_KINASES","1/141","30/7682",0.426968989117948,0.716501608348145,0.686699616561959,"RPS6KA2",1
"REACTOME_DAG_AND_IP3_SIGNALING","REACTOME_DAG_AND_IP3_SIGNALING","1/141","31/7682",0.437527976642043,0.72366304728246,0.693563184365475,"ADCY1",1
"REACTOME_RET_SIGNALING","REACTOME_RET_SIGNALING","1/141","31/7682",0.437527976642043,0.72366304728246,0.693563184365475,"GFRA1",1
"REACTOME_TCF_DEPENDENT_SIGNALING_IN_RESPONSE_TO_WNT","REACTOME_TCF_DEPENDENT_SIGNALING_IN_RESPONSE_TO_WNT","4/141","185/7682",0.442492295053251,0.72366304728246,0.693563184365475,"SOX9/CCDC88C/LGR5/TERT",4
"REACTOME_P75_NTR_RECEPTOR_MEDIATED_SIGNALLING","REACTOME_P75_NTR_RECEPTOR_MEDIATED_SIGNALLING","2/141","82/7682",0.446316097025402,0.72366304728246,0.693563184365475,"MCF2L/RTN4R",2
"REACTOME_FLT3_SIGNALING","REACTOME_FLT3_SIGNALING","1/141","32/7682",0.447893753049502,0.72366304728246,0.693563184365475,"STAT5A",1
"REACTOME_INTERLEUKIN_3_INTERLEUKIN_5_AND_GM_CSF_SIGNALING","REACTOME_INTERLEUKIN_3_INTERLEUKIN_5_AND_GM_CSF_SIGNALING","1/141","32/7682",0.447893753049502,0.72366304728246,0.693563184365475,"STAT5A",1
"REACTOME_IRS_MEDIATED_SIGNALLING","REACTOME_IRS_MEDIATED_SIGNALLING","1/141","32/7682",0.447893753049502,0.72366304728246,0.693563184365475,"FGF1",1
"REACTOME_PERK_REGULATES_GENE_EXPRESSION","REACTOME_PERK_REGULATES_GENE_EXPRESSION","1/141","32/7682",0.447893753049502,0.72366304728246,0.693563184365475,"IGFBP1",1
"REACTOME_RHOH_GTPASE_CYCLE","REACTOME_RHOH_GTPASE_CYCLE","1/141","32/7682",0.447893753049502,0.72366304728246,0.693563184365475,"JUP",1
"REACTOME_NEUTROPHIL_DEGRANULATION","REACTOME_NEUTROPHIL_DEGRANULATION","7/141","346/7682",0.451571930499237,0.725122684731627,0.694962110013351,"HSPA1A/MGST1/PTPRB/CTSS/CD33/MGAM/JUP",7
"REACTOME_EXPORT_OF_VIRAL_RIBONUCLEOPROTEINS_FROM_NUCLEUS","REACTOME_EXPORT_OF_VIRAL_RIBONUCLEOPROTEINS_FROM_NUCLEUS","1/141","33/7682",0.458069828973688,0.725122684731627,0.694962110013351,"HSPA1A",1
"REACTOME_MET_PROMOTES_CELL_MOTILITY","REACTOME_MET_PROMOTES_CELL_MOTILITY","1/141","33/7682",0.458069828973688,0.725122684731627,0.694962110013351,"COL5A2",1
"REACTOME_SIGNALING_BY_FGFR2_IN_DISEASE","REACTOME_SIGNALING_BY_FGFR2_IN_DISEASE","1/141","33/7682",0.458069828973688,0.725122684731627,0.694962110013351,"FGF1",1
"REACTOME_SIGNALING_BY_FGFR4","REACTOME_SIGNALING_BY_FGFR4","1/141","33/7682",0.458069828973688,0.725122684731627,0.694962110013351,"FGF1",1
"REACTOME_SIGNALING_BY_FGFR3","REACTOME_SIGNALING_BY_FGFR3","1/141","34/7682",0.468059651710609,0.737948886366323,0.70725482176985,"FGF1",1
"REACTOME_CARGO_RECOGNITION_FOR_CLATHRIN_MEDIATED_ENDOCYTOSIS","REACTOME_CARGO_RECOGNITION_FOR_CLATHRIN_MEDIATED_ENDOCYTOSIS","2/141","86/7682",0.470876231308366,0.739408057998278,0.708653300975601,"AGTR1/IL7R",2
"REACTOME_LEISHMANIA_INFECTION","REACTOME_LEISHMANIA_INFECTION","3/141","140/7682",0.476550154122242,0.74440574933951,0.713443119571586,"NLRP3/CALCB/ADCY1",3
"REACTOME_HDMS_DEMETHYLATE_HISTONES","REACTOME_HDMS_DEMETHYLATE_HISTONES","1/141","35/7682",0.477866606353496,0.74440574933951,0.713443119571586,"KDM7A",1
"REACTOME_CELL_CELL_COMMUNICATION","REACTOME_CELL_CELL_COMMUNICATION","2/141","88/7682",0.482912528911019,0.749280947635748,0.718115540068182,"JUP/NECTIN4",2
"REACTOME_DEACTIVATION_OF_THE_BETA_CATENIN_TRANSACTIVATING_COMPLEX","REACTOME_DEACTIVATION_OF_THE_BETA_CATENIN_TRANSACTIVATING_COMPLEX","1/141","36/7682",0.487494016907198,0.750433703191789,0.719220348192965,"SOX9",1
"REACTOME_O_LINKED_GLYCOSYLATION_OF_MUCINS","REACTOME_O_LINKED_GLYCOSYLATION_OF_MUCINS","1/141","36/7682",0.487494016907198,0.750433703191789,0.719220348192965,"ST6GAL1",1
"REACTOME_INSULIN_RECEPTOR_SIGNALLING_CASCADE","REACTOME_INSULIN_RECEPTOR_SIGNALLING_CASCADE","1/141","37/7682",0.496945147382752,0.759006064947875,0.727436153241199,"FGF1",1
"REACTOME_TP53_REGULATES_TRANSCRIPTION_OF_CELL_DEATH_GENES","REACTOME_TP53_REGULATES_TRANSCRIPTION_OF_CELL_DEATH_GENES","1/141","37/7682",0.496945147382752,0.759006064947875,0.727436153241199,"BID",1
"REACTOME_SPHINGOLIPID_DE_NOVO_BIOSYNTHESIS","REACTOME_SPHINGOLIPID_DE_NOVO_BIOSYNTHESIS","1/141","38/7682",0.506223202872488,0.770168374798221,0.738134180719253,"SPNS2",1
"REACTOME_EXTRACELLULAR_MATRIX_ORGANIZATION","REACTOME_EXTRACELLULAR_MATRIX_ORGANIZATION","4/141","202/7682",0.510737576954386,0.774024777477383,0.741830181133257,"COL5A2/FBN2/LOX/CTSS",4
"REACTOME_EPHB_MEDIATED_FORWARD_SIGNALING","REACTOME_EPHB_MEDIATED_FORWARD_SIGNALING","1/141","39/7682",0.515331330606002,0.77647952578049,0.744182827238806,"GRIN2B",1
"REACTOME_L1CAM_INTERACTIONS","REACTOME_L1CAM_INTERACTIONS","2/141","94/7682",0.517996717571054,0.77647952578049,0.744182827238806,"RPS6KA2/SCN5A",2
"REACTOME_COLLAGEN_DEGRADATION","REACTOME_COLLAGEN_DEGRADATION","1/141","40/7682",0.524272620987338,0.77647952578049,0.744182827238806,"COL5A2",1
"REACTOME_MTOR_SIGNALLING","REACTOME_MTOR_SIGNALLING","1/141","40/7682",0.524272620987338,0.77647952578049,0.744182827238806,"RRAGD",1
"REACTOME_PLASMA_LIPOPROTEIN_ASSEMBLY_REMODELING_AND_CLEARANCE","REACTOME_PLASMA_LIPOPROTEIN_ASSEMBLY_REMODELING_AND_CLEARANCE","1/141","40/7682",0.524272620987338,0.77647952578049,0.744182827238806,"PLTP",1
"REACTOME_RHOU_GTPASE_CYCLE","REACTOME_RHOU_GTPASE_CYCLE","1/141","40/7682",0.524272620987338,0.77647952578049,0.744182827238806,"ARHGAP30",1
"REACTOME_GLYCOSAMINOGLYCAN_METABOLISM","REACTOME_GLYCOSAMINOGLYCAN_METABOLISM","2/141","96/7682",0.529339025408288,0.781024750696757,0.748538999187092,"GPC4/HS3ST3B1",2
"REACTOME_RECYCLING_PATHWAY_OF_L1","REACTOME_RECYCLING_PATHWAY_OF_L1","1/141","41/7682",0.533050108613717,0.783543580706629,0.750953061600646,"RPS6KA2",1
"REACTOME_ACTIVATED_PKN1_STIMULATES_TRANSCRIPTION_OF_AR_ANDROGEN_RECEPTOR_REGULATED_GENES_KLK2_AND_KLK3","REACTOME_ACTIVATED_PKN1_STIMULATES_TRANSCRIPTION_OF_AR_ANDROGEN_RECEPTOR_REGULATED_GENES_KLK2_AND_KLK3","1/141","42/7682",0.541666773276126,0.787329770821432,0.754581769854434,"AR",1
"REACTOME_CHONDROITIN_SULFATE_DERMATAN_SULFATE_METABOLISM","REACTOME_CHONDROITIN_SULFATE_DERMATAN_SULFATE_METABOLISM","1/141","42/7682",0.541666773276126,0.787329770821432,0.754581769854434,"GPC4",1
"REACTOME_CLASS_B_2_SECRETIN_FAMILY_RECEPTORS","REACTOME_CLASS_B_2_SECRETIN_FAMILY_RECEPTORS","1/141","42/7682",0.541666773276126,0.787329770821432,0.754581769854434,"CALCB",1
"REACTOME_IMMUNOREGULATORY_INTERACTIONS_BETWEEN_A_LYMPHOID_AND_A_NON_LYMPHOID_CELL","REACTOME_IMMUNOREGULATORY_INTERACTIONS_BETWEEN_A_LYMPHOID_AND_A_NON_LYMPHOID_CELL","1/141","43/7682",0.550125540942103,0.793723566451521,0.76070962352064,"CD33",1
"REACTOME_TRANSPORT_OF_BILE_SALTS_AND_ORGANIC_ACIDS_METAL_IONS_AND_AMINE_COMPOUNDS","REACTOME_TRANSPORT_OF_BILE_SALTS_AND_ORGANIC_ACIDS_METAL_IONS_AND_AMINE_COMPOUNDS","1/141","43/7682",0.550125540942103,0.793723566451521,0.76070962352064,"SLC44A5",1
"REACTOME_EPH_EPHRIN_MEDIATED_REPULSION_OF_CELLS","REACTOME_EPH_EPHRIN_MEDIATED_REPULSION_OF_CELLS","1/141","44/7682",0.558429284721022,0.802742096786469,0.769353039321532,"EPHA5",1
"REACTOME_HEDGEHOG_OFF_STATE","REACTOME_HEDGEHOG_OFF_STATE","2/141","102/7682",0.562275489614263,0.805310316627022,0.771814437257288,"GLI2/ADCY1",2
"REACTOME_RAC1_GTPASE_CYCLE","REACTOME_RAC1_GTPASE_CYCLE","3/141","161/7682",0.570964061190029,0.814769882939055,0.780880544693239,"ARHGAP30/DOCK11/MCF2L",3
"REACTOME_ECM_PROTEOGLYCANS","REACTOME_ECM_PROTEOGLYCANS","1/141","46/7682",0.574582934436057,0.816952463143631,0.78297234319325,"COL5A2",1
"REACTOME_NRAGE_SIGNALS_DEATH_THROUGH_JNK","REACTOME_NRAGE_SIGNALS_DEATH_THROUGH_JNK","1/141","47/7682",0.582438330748854,0.819184846484899,0.785111873330527,"MCF2L",1
"REACTOME_SARS_COV_1_INFECTION","REACTOME_SARS_COV_1_INFECTION","1/141","47/7682",0.582438330748854,0.819184846484899,0.785111873330527,"ST6GAL1",1
"REACTOME_TRANSLATION_OF_SARS_COV_2_STRUCTURAL_PROTEINS","REACTOME_TRANSLATION_OF_SARS_COV_2_STRUCTURAL_PROTEINS","1/141","47/7682",0.582438330748854,0.819184846484899,0.785111873330527,"ST6GAL1",1
"REACTOME_NON_INTEGRIN_MEMBRANE_ECM_INTERACTIONS","REACTOME_NON_INTEGRIN_MEMBRANE_ECM_INTERACTIONS","1/141","48/7682",0.590149685740919,0.820029376310674,0.785921275990308,"COL5A2",1
"REACTOME_SIGNALING_BY_EGFR","REACTOME_SIGNALING_BY_EGFR","1/141","48/7682",0.590149685740919,0.820029376310674,0.785921275990308,"LRIG1",1
"REACTOME_REGULATION_OF_LIPID_METABOLISM_BY_PPARALPHA","REACTOME_REGULATION_OF_LIPID_METABOLISM_BY_PPARALPHA","2/141","108/7682",0.593546610988655,0.820029376310674,0.785921275990308,"ANKRD1/G0S2",2
"REACTOME_COLLAGEN_BIOSYNTHESIS_AND_MODIFYING_ENZYMES","REACTOME_COLLAGEN_BIOSYNTHESIS_AND_MODIFYING_ENZYMES","1/141","49/7682",0.597719622119034,0.820029376310674,0.785921275990308,"COL5A2",1
"REACTOME_NUCLEOTIDE_BINDING_DOMAIN_LEUCINE_RICH_REPEAT_CONTAINING_RECEPTOR_NLR_SIGNALING_PATHWAYS","REACTOME_NUCLEOTIDE_BINDING_DOMAIN_LEUCINE_RICH_REPEAT_CONTAINING_RECEPTOR_NLR_SIGNALING_PATHWAYS","1/141","49/7682",0.597719622119034,0.820029376310674,0.785921275990308,"NLRP3",1
"REACTOME_PEPTIDE_HORMONE_METABOLISM","REACTOME_PEPTIDE_HORMONE_METABOLISM","1/141","49/7682",0.597719622119034,0.820029376310674,0.785921275990308,"CGB8",1
"REACTOME_TRANSCRIPTIONAL_REGULATION_BY_MECP2","REACTOME_TRANSCRIPTIONAL_REGULATION_BY_MECP2","1/141","49/7682",0.597719622119034,0.820029376310674,0.785921275990308,"GRIN2B",1
"REACTOME_PHOSPHOLIPID_METABOLISM","REACTOME_PHOSPHOLIPID_METABOLISM","3/141","168/7682",0.600045540694659,0.82034198046018,0.786220877759656,"PCYT1B/SLC44A5/MGLL",3
"REACTOME_COSTIMULATION_BY_THE_CD28_FAMILY","REACTOME_COSTIMULATION_BY_THE_CD28_FAMILY","1/141","50/7682",0.605150715173038,0.82157614455784,0.787403708339187,"CD274",1
"REACTOME_VISUAL_PHOTOTRANSDUCTION","REACTOME_VISUAL_PHOTOTRANSDUCTION","1/141","50/7682",0.605150715173038,0.82157614455784,0.787403708339187,"GPC4",1
"REACTOME_AMINO_ACIDS_REGULATE_MTORC1","REACTOME_AMINO_ACIDS_REGULATE_MTORC1","1/141","51/7682",0.612445493626995,0.825075217262171,0.790757241473503,"RRAGD",1
"REACTOME_EXTENSION_OF_TELOMERES","REACTOME_EXTENSION_OF_TELOMERES","1/141","51/7682",0.612445493626995,0.825075217262171,0.790757241473503,"TERT",1
"REACTOME_SIGNALING_BY_NUCLEAR_RECEPTORS","REACTOME_SIGNALING_BY_NUCLEAR_RECEPTORS","4/141","230/7682",0.614058537655477,0.825075217262171,0.790757241473503,"PLTP/FABP6/FOXA1/S1PR3",4
"REACTOME_INTEGRIN_CELL_SURFACE_INTERACTIONS","REACTOME_INTEGRIN_CELL_SURFACE_INTERACTIONS","1/141","52/7682",0.619606440475193,0.825709300364869,0.791364950679481,"COL5A2",1
"REACTOME_INTRINSIC_PATHWAY_FOR_APOPTOSIS","REACTOME_INTRINSIC_PATHWAY_FOR_APOPTOSIS","1/141","52/7682",0.619606440475193,0.825709300364869,0.791364950679481,"BID",1
"REACTOME_AUF1_HNRNP_D0_BINDS_AND_DESTABILIZES_MRNA","REACTOME_AUF1_HNRNP_D0_BINDS_AND_DESTABILIZES_MRNA","1/141","53/7682",0.62663599380324,0.825709300364869,0.791364950679481,"HSPA1A",1
"REACTOME_PHASE_I_FUNCTIONALIZATION_OF_COMPOUNDS","REACTOME_PHASE_I_FUNCTIONALIZATION_OF_COMPOUNDS","1/141","53/7682",0.62663599380324,0.825709300364869,0.791364950679481,"MTARC2",1
"REACTOME_PLATELET_ACTIVATION_SIGNALING_AND_AGGREGATION","REACTOME_PLATELET_ACTIVATION_SIGNALING_AND_AGGREGATION","3/141","176/7682",0.631682281688676,0.825709300364869,0.791364950679481,"DGKE/TTN/MGLL",3
"REACTOME_FOXO_MEDIATED_TRANSCRIPTION","REACTOME_FOXO_MEDIATED_TRANSCRIPTION","1/141","54/7682",0.633536547594528,0.825709300364869,0.791364950679481,"IGFBP1",1
"REACTOME_PEROXISOMAL_PROTEIN_IMPORT","REACTOME_PEROXISOMAL_PROTEIN_IMPORT","1/141","54/7682",0.633536547594528,0.825709300364869,0.791364950679481,"DDO",1
"REACTOME_RHOJ_GTPASE_CYCLE","REACTOME_RHOJ_GTPASE_CYCLE","1/141","54/7682",0.633536547594528,0.825709300364869,0.791364950679481,"JUP",1
"REACTOME_SIGNALING_BY_ALK_IN_CANCER","REACTOME_SIGNALING_BY_ALK_IN_CANCER","1/141","54/7682",0.633536547594528,0.825709300364869,0.791364950679481,"STAT5A",1
"REACTOME_MEIOTIC_SYNAPSIS","REACTOME_MEIOTIC_SYNAPSIS","1/141","56/7682",0.646960016727687,0.837620419008363,0.802780641181793,"HSPA2",1
"REACTOME_SIGNALING_BY_BRAF_AND_RAF1_FUSIONS","REACTOME_SIGNALING_BY_BRAF_AND_RAF1_FUSIONS","1/141","56/7682",0.646960016727687,0.837620419008363,0.802780641181793,"KDM7A",1
"REACTOME_RHOQ_GTPASE_CYCLE","REACTOME_RHOQ_GTPASE_CYCLE","1/141","57/7682",0.653487506583626,0.84056625456569,0.805603948379017,"JUP",1
"REACTOME_DEATH_RECEPTOR_SIGNALLING","REACTOME_DEATH_RECEPTOR_SIGNALLING","2/141","121/7682",0.655539511659552,0.84056625456569,0.805603948379017,"MCF2L/RTN4R",2
"REACTOME_NUCLEAR_EVENTS_KINASE_AND_TRANSCRIPTION_FACTOR_ACTIVATION","REACTOME_NUCLEAR_EVENTS_KINASE_AND_TRANSCRIPTION_FACTOR_ACTIVATION","1/141","58/7682",0.65989514744549,0.84056625456569,0.805603948379017,"RPS6KA2",1
"REACTOME_SIGNALING_BY_INSULIN_RECEPTOR","REACTOME_SIGNALING_BY_INSULIN_RECEPTOR","1/141","58/7682",0.65989514744549,0.84056625456569,0.805603948379017,"FGF1",1
"REACTOME_SIGNALING_BY_NTRKS","REACTOME_SIGNALING_BY_NTRKS","2/141","122/7682",0.659984245912191,0.84056625456569,0.805603948379017,"RPS6KA2/GRIN2B",2
"REACTOME_REGULATION_OF_PTEN_GENE_TRANSCRIPTION","REACTOME_REGULATION_OF_PTEN_GENE_TRANSCRIPTION","1/141","59/7682",0.666185124388064,0.84346361744565,0.808380799059501,"RRAGD",1
"REACTOME_EXTRA_NUCLEAR_ESTROGEN_SIGNALING","REACTOME_EXTRA_NUCLEAR_ESTROGEN_SIGNALING","1/141","60/7682",0.672359582929489,0.84346361744565,0.808380799059501,"S1PR3",1
"REACTOME_G_ALPHA_12_13_SIGNALLING_EVENTS","REACTOME_G_ALPHA_12_13_SIGNALLING_EVENTS","1/141","60/7682",0.672359582929489,0.84346361744565,0.808380799059501,"MCF2L",1
"REACTOME_SIGNALING_BY_FGFR2","REACTOME_SIGNALING_BY_FGFR2","1/141","60/7682",0.672359582929489,0.84346361744565,0.808380799059501,"FGF1",1
"REACTOME_CLATHRIN_MEDIATED_ENDOCYTOSIS","REACTOME_CLATHRIN_MEDIATED_ENDOCYTOSIS","2/141","125/7682",0.673045137194483,0.84346361744565,0.808380799059501,"AGTR1/IL7R",2
"REACTOME_TOLL_LIKE_RECEPTOR_CASCADES","REACTOME_TOLL_LIKE_RECEPTOR_CASCADES","2/141","126/7682",0.677308247097715,0.84609432784411,0.810902088336258,"RPS6KA2/CTSS",2
"REACTOME_CELL_DEATH_SIGNALLING_VIA_NRAGE_NRIF_AND_NADE","REACTOME_CELL_DEATH_SIGNALLING_VIA_NRAGE_NRIF_AND_NADE","1/141","64/7682",0.695943798426513,0.862571927344734,0.82669432261334,"MCF2L",1
"REACTOME_INTERLEUKIN_17_SIGNALING","REACTOME_INTERLEUKIN_17_SIGNALING","1/141","64/7682",0.695943798426513,0.862571927344734,0.82669432261334,"RPS6KA2",1
"REACTOME_INTRACELLULAR_SIGNALING_BY_SECOND_MESSENGERS","REACTOME_INTRACELLULAR_SIGNALING_BY_SECOND_MESSENGERS","4/141","256/7682",0.69711695406889,0.862571927344734,0.82669432261334,"RRAGD/FGF1/KITLG/ADCY1",4
"REACTOME_MAPK_FAMILY_SIGNALING_CASCADES","REACTOME_MAPK_FAMILY_SIGNALING_CASCADES","4/141","257/7682",0.700043767781454,0.862624092189179,0.826744317726068,"FGF1/KITLG/GRIN2B/GFRA1",4
"REACTOME_FORMATION_OF_THE_BETA_CATENIN_TCF_TRANSACTIVATING_COMPLEX","REACTOME_FORMATION_OF_THE_BETA_CATENIN_TCF_TRANSACTIVATING_COMPLEX","1/141","65/7682",0.701571512317542,0.862624092189179,0.826744317726068,"TERT",1
"REACTOME_SARS_COV_2_INFECTION","REACTOME_SARS_COV_2_INFECTION","1/141","66/7682",0.707095789167119,0.86594741982936,0.829929415693235,"ST6GAL1",1
"REACTOME_SIGNALING_BY_WNT","REACTOME_SIGNALING_BY_WNT","4/141","260/7682",0.708703770704335,0.86594741982936,0.829929415693235,"SOX9/CCDC88C/LGR5/TERT",4
"REACTOME_ABC_TRANSPORTER_DISORDERS","REACTOME_ABC_TRANSPORTER_DISORDERS","1/141","67/7682",0.712518516809902,0.866284091381998,0.830252083812065,"ABCC9",1
"REACTOME_SIGNALING_BY_HEDGEHOG","REACTOME_SIGNALING_BY_HEDGEHOG","2/141","135/7682",0.713679263184446,0.866284091381998,0.830252083812065,"GLI2/ADCY1",2
"REACTOME_SARS_COV_INFECTIONS","REACTOME_SARS_COV_INFECTIONS","2/141","136/7682",0.717502798175069,0.866284091381998,0.830252083812065,"ST6GAL1/IL1R1",2
"REACTOME_INTERLEUKIN_4_AND_INTERLEUKIN_13_SIGNALING","REACTOME_INTERLEUKIN_4_AND_INTERLEUKIN_13_SIGNALING","1/141","68/7682",0.71784154886897,0.866284091381998,0.830252083812065,"IL13RA2",1
"REACTOME_AMYLOID_FIBER_FORMATION","REACTOME_AMYLOID_FIBER_FORMATION","1/141","69/7682",0.723066705371397,0.869904867077588,0.833722257853335,"SNCAIP",1
"REACTOME_O_LINKED_GLYCOSYLATION","REACTOME_O_LINKED_GLYCOSYLATION","1/141","71/7682",0.733230507451258,0.876737395759761,0.840270596016893,"ST6GAL1",1
"REACTOME_POTENTIAL_THERAPEUTICS_FOR_SARS","REACTOME_POTENTIAL_THERAPEUTICS_FOR_SARS","1/141","71/7682",0.733230507451258,0.876737395759761,0.840270596016893,"IL1R1",1
"REACTOME_CELLULAR_RESPONSE_TO_CHEMICAL_STRESS","REACTOME_CELLULAR_RESPONSE_TO_CHEMICAL_STRESS","2/141","141/7682",0.735986368017291,0.877281150521786,0.840791733976997,"NLRP3/GPX3",2
"REACTOME_ONCOGENIC_MAPK_SIGNALING","REACTOME_ONCOGENIC_MAPK_SIGNALING","1/141","72/7682",0.738172630490198,0.877281150521786,0.840791733976997,"KDM7A",1
"REACTOME_INTEGRATION_OF_ENERGY_METABOLISM","REACTOME_INTEGRATION_OF_ENERGY_METABOLISM","1/141","74/7682",0.747785779037454,0.886012847283771,0.84916024669006,"ADCY1",1
"REACTOME_RHO_GTPASE_CYCLE","REACTOME_RHO_GTPASE_CYCLE","6/141","402/7682",0.754766433338664,0.891582101013347,0.854497854248893,"ARHGAP30/SHMT2/DOCK11/ARHGAP6/JUP/MCF2L",6
"REACTOME_SPHINGOLIPID_METABOLISM","REACTOME_SPHINGOLIPID_METABOLISM","1/141","76/7682",0.757048386802794,0.891584094096061,0.854499764431816,"SPNS2",1
"REACTOME_HEDGEHOG_ON_STATE","REACTOME_HEDGEHOG_ON_STATE","1/141","82/7682",0.782857642929739,0.908136941189099,0.870364116471448,"GLI2",1
"REACTOME_TP53_REGULATES_METABOLIC_GENES","REACTOME_TP53_REGULATES_METABOLIC_GENES","1/141","82/7682",0.782857642929739,0.908136941189099,0.870364116471448,"RRAGD",1
"REACTOME_REGULATION_OF_MRNA_STABILITY_BY_PROTEINS_THAT_BIND_AU_RICH_ELEMENTS","REACTOME_REGULATION_OF_MRNA_STABILITY_BY_PROTEINS_THAT_BIND_AU_RICH_ELEMENTS","1/141","84/7682",0.79084054711034,0.908136941189099,0.870364116471448,"HSPA1A",1
"REACTOME_TRANSPORT_TO_THE_GOLGI_AND_SUBSEQUENT_MODIFICATION","REACTOME_TRANSPORT_TO_THE_GOLGI_AND_SUBSEQUENT_MODIFICATION","2/141","158/7682",0.79133621689509,0.908136941189099,0.870364116471448,"ST6GAL1/ST8SIA2",2
"REACTOME_MEIOSIS","REACTOME_MEIOSIS","1/141","85/7682",0.794722026823085,0.908136941189099,0.870364116471448,"HSPA2",1
"REACTOME_INTERFERON_SIGNALING","REACTOME_INTERFERON_SIGNALING","2/141","160/7682",0.797132648145085,0.908136941189099,0.870364116471448,"GBP1/TRIM22",2
"REACTOME_ABC_FAMILY_PROTEINS_MEDIATED_TRANSPORT","REACTOME_ABC_FAMILY_PROTEINS_MEDIATED_TRANSPORT","1/141","86/7682",0.798531977358553,0.908136941189099,0.870364116471448,"ABCC9",1
"REACTOME_RAC3_GTPASE_CYCLE","REACTOME_RAC3_GTPASE_CYCLE","1/141","86/7682",0.798531977358553,0.908136941189099,0.870364116471448,"ARHGAP6",1
"REACTOME_TOLL_LIKE_RECEPTOR_TLR1_TLR2_CASCADE","REACTOME_TOLL_LIKE_RECEPTOR_TLR1_TLR2_CASCADE","1/141","86/7682",0.798531977358553,0.908136941189099,0.870364116471448,"RPS6KA2",1
"REACTOME_SENESCENCE_ASSOCIATED_SECRETORY_PHENOTYPE_SASP","REACTOME_SENESCENCE_ASSOCIATED_SECRETORY_PHENOTYPE_SASP","1/141","87/7682",0.802271707636652,0.908136941189099,0.870364116471448,"RPS6KA2",1
"REACTOME_TOLL_LIKE_RECEPTOR_9_TLR9_CASCADE","REACTOME_TOLL_LIKE_RECEPTOR_9_TLR9_CASCADE","1/141","87/7682",0.802271707636652,0.908136941189099,0.870364116471448,"RPS6KA2",1
"REACTOME_APOPTOSIS","REACTOME_APOPTOSIS","2/141","163/7682",0.805562253200713,0.908136941189099,0.870364116471448,"DAPK1/BID",2
"REACTOME_ANTIGEN_PROCESSING_CROSS_PRESENTATION","REACTOME_ANTIGEN_PROCESSING_CROSS_PRESENTATION","1/141","88/7682",0.805942502794418,0.908136941189099,0.870364116471448,"CTSS",1
"REACTOME_RAB_GEFS_EXCHANGE_GTP_FOR_GDP_ON_RABS","REACTOME_RAB_GEFS_EXCHANGE_GTP_FOR_GDP_ON_RABS","1/141","88/7682",0.805942502794418,0.908136941189099,0.870364116471448,"RAB38",1
"REACTOME_RESPONSE_TO_ELEVATED_PLATELET_CYTOSOLIC_CA2","REACTOME_RESPONSE_TO_ELEVATED_PLATELET_CYTOSOLIC_CA2","1/141","88/7682",0.805942502794418,0.908136941189099,0.870364116471448,"TTN",1
"REACTOME_UNFOLDED_PROTEIN_RESPONSE_UPR","REACTOME_UNFOLDED_PROTEIN_RESPONSE_UPR","1/141","89/7682",0.809545624615064,0.909575687426696,0.871743019851672,"IGFBP1",1
"REACTOME_MYD88_INDEPENDENT_TLR4_CASCADE","REACTOME_MYD88_INDEPENDENT_TLR4_CASCADE","1/141","91/7682",0.816553781129432,0.914524362771805,0.876485861210829,"RPS6KA2",1
"REACTOME_UCH_PROTEINASES","REACTOME_UCH_PROTEINASES","1/141","92/7682",0.819961226375217,0.914524362771805,0.876485861210829,"UCHL1",1
"REACTOME_INTERLEUKIN_1_SIGNALING","REACTOME_INTERLEUKIN_1_SIGNALING","1/141","93/7682",0.823305820193543,0.914524362771805,0.876485861210829,"IL1R1",1
"REACTOME_SIGNALING_BY_VEGF","REACTOME_SIGNALING_BY_VEGF","1/141","93/7682",0.823305820193543,0.914524362771805,0.876485861210829,"JUP",1
"REACTOME_SIGNALING_BY_TGFB_FAMILY_MEMBERS","REACTOME_SIGNALING_BY_TGFB_FAMILY_MEMBERS","1/141","94/7682",0.826588713770129,0.915569935082494,0.877487944243822,"CHRDL1",1
"REACTOME_REPRODUCTION","REACTOME_REPRODUCTION","1/141","95/7682",0.829811037354527,0.916542699450904,0.878420247690192,"HSPA2",1
"REACTOME_TELOMERE_MAINTENANCE","REACTOME_TELOMERE_MAINTENANCE","1/141","97/7682",0.836078393125651,0.920863807639801,0.882561624767181,"TERT",1
"REACTOME_ESR_MEDIATED_SIGNALING","REACTOME_ESR_MEDIATED_SIGNALING","2/141","178/7682",0.84322686421636,0.926128381765721,0.887607225490906,"FOXA1/S1PR3",2
"REACTOME_DEUBIQUITINATION","REACTOME_DEUBIQUITINATION","3/141","253/7682",0.84901574148497,0.929874383531158,0.891197416979654,"UCHL1/AR/NLRP3",3
"REACTOME_PROGRAMMED_CELL_DEATH","REACTOME_PROGRAMMED_CELL_DEATH","2/141","186/7682",0.860511072203104,0.939831925227412,0.900740787134093,"DAPK1/BID",2
"REACTOME_DISEASES_OF_GLYCOSYLATION","REACTOME_DISEASES_OF_GLYCOSYLATION","1/141","107/7682",0.864138892341323,0.941165200293753,0.902018606285035,"GPC4",1
"REACTOME_MHC_CLASS_II_ANTIGEN_PRESENTATION","REACTOME_MHC_CLASS_II_ANTIGEN_PRESENTATION","1/141","110/7682",0.871586215065685,0.944017202467266,0.904751982981146,"CTSS",1
"REACTOME_SENSORY_PERCEPTION","REACTOME_SENSORY_PERCEPTION","1/141","110/7682",0.871586215065685,0.944017202467266,0.904751982981146,"GPC4",1
"REACTOME_INTERLEUKIN_1_FAMILY_SIGNALING","REACTOME_INTERLEUKIN_1_FAMILY_SIGNALING","1/141","112/7682",0.876324444312412,0.946527231287716,0.907157610279787,"IL1R1",1
"REACTOME_CYTOPROTECTION_BY_HMOX1","REACTOME_CYTOPROTECTION_BY_HMOX1","1/141","116/7682",0.885286309857348,0.953249529641029,0.91360030300769,"NLRP3",1
"REACTOME_RAB_REGULATION_OF_TRAFFICKING","REACTOME_RAB_REGULATION_OF_TRAFFICKING","1/141","117/7682",0.887424114550728,0.953249529641029,0.91360030300769,"RAB38",1
"REACTOME_ESTROGEN_DEPENDENT_GENE_EXPRESSION","REACTOME_ESTROGEN_DEPENDENT_GENE_EXPRESSION","1/141","121/7682",0.89558690940387,0.959382141306611,0.91947783633101,"FOXA1",1
"REACTOME_FACTORS_INVOLVED_IN_MEGAKARYOCYTE_DEVELOPMENT_AND_PLATELET_PRODUCTION","REACTOME_FACTORS_INVOLVED_IN_MEGAKARYOCYTE_DEVELOPMENT_AND_PLATELET_PRODUCTION","1/141","123/7682",0.899445110351774,0.959609327089777,0.919695572604552,"DOCK11",1
"REACTOME_CHROMOSOME_MAINTENANCE","REACTOME_CHROMOSOME_MAINTENANCE","1/141","124/7682",0.901320786954553,0.959609327089777,0.919695572604552,"TERT",1
"REACTOME_RESPIRATORY_ELECTRON_TRANSPORT_ATP_SYNTHESIS_BY_CHEMIOSMOTIC_COUPLING_AND_HEAT_PRODUCTION_BY_UNCOUPLING_PROTEINS","REACTOME_RESPIRATORY_ELECTRON_TRANSPORT_ATP_SYNTHESIS_BY_CHEMIOSMOTIC_COUPLING_AND_HEAT_PRODUCTION_BY_UNCOUPLING_PROTEINS","1/141","125/7682",0.903161719613908,0.959609327089777,0.919695572604552,"UCP2",1
"REACTOME_DISORDERS_OF_TRANSMEMBRANE_TRANSPORTERS","REACTOME_DISORDERS_OF_TRANSMEMBRANE_TRANSPORTERS","1/141","127/7682",0.906741897687505,0.96080239023256,0.92083901177222,"ABCC9",1
"REACTOME_AUTOPHAGY","REACTOME_AUTOPHAGY","1/141","133/7682",0.916712688129872,0.966606142203128,0.92640136390985,"RRAGD",1
"REACTOME_DISEASES_OF_SIGNAL_TRANSDUCTION_BY_GROWTH_FACTOR_RECEPTORS_AND_SECOND_MESSENGERS","REACTOME_DISEASES_OF_SIGNAL_TRANSDUCTION_BY_GROWTH_FACTOR_RECEPTORS_AND_SECOND_MESSENGERS","4/141","373/7682",0.917163372780973,0.966606142203128,0.92640136390985,"KDM7A/FGF1/KITLG/STAT5A",4
"REACTOME_PTEN_REGULATION","REACTOME_PTEN_REGULATION","1/141","135/7682",0.919795110143226,0.966773892650542,0.926562136986386,"RRAGD",1
"REACTOME_SLC_MEDIATED_TRANSMEMBRANE_TRANSPORT","REACTOME_SLC_MEDIATED_TRANSMEMBRANE_TRANSPORT","1/141","140/7682",0.927014485286504,0.971749768758775,0.931331047726811,"SLC44A5",1
"REACTOME_METABOLISM_OF_CARBOHYDRATES","REACTOME_METABOLISM_OF_CARBOHYDRATES","2/141","234/7682",0.932470505692651,0.97485552867868,0.934307627431983,"GPC4/HS3ST3B1",2
"REACTOME_CELLULAR_RESPONSE_TO_STARVATION","REACTOME_CELLULAR_RESPONSE_TO_STARVATION","1/141","149/7682",0.938421084419955,0.977056689752547,0.936417233953175,"RRAGD",1
"REACTOME_PROTEIN_LOCALIZATION","REACTOME_PROTEIN_LOCALIZATION","1/141","150/7682",0.939573696539534,0.977056689752547,0.936417233953175,"DDO",1
"REACTOME_INFLUENZA_INFECTION","REACTOME_INFLUENZA_INFECTION","1/141","153/7682",0.942904563245023,0.977919586813803,0.93724423988616,"HSPA1A",1
"REACTOME_HEMOSTASIS","REACTOME_HEMOSTASIS","4/141","411/7682",0.948646626563692,0.979897022606597,0.939139426700628,"DOCK11/DGKE/TTN/MGLL",4
"REACTOME_CELLULAR_SENESCENCE","REACTOME_CELLULAR_SENESCENCE","1/141","167/7682",0.956191805637144,0.979897022606597,0.939139426700628,"RPS6KA2",1
"REACTOME_DISEASES_OF_METABOLISM","REACTOME_DISEASES_OF_METABOLISM","1/141","171/7682",0.959388847501076,0.979897022606597,0.939139426700628,"GPC4",1
"REACTOME_THE_CITRIC_ACID_TCA_CYCLE_AND_RESPIRATORY_ELECTRON_TRANSPORT","REACTOME_THE_CITRIC_ACID_TCA_CYCLE_AND_RESPIRATORY_ELECTRON_TRANSPORT","1/141","171/7682",0.959388847501076,0.979897022606597,0.939139426700628,"UCP2",1
"REACTOME_ASPARAGINE_N_LINKED_GLYCOSYLATION","REACTOME_ASPARAGINE_N_LINKED_GLYCOSYLATION","2/141","267/7682",0.959813778537398,0.979897022606597,0.939139426700628,"ST6GAL1/ST8SIA2",2
"REACTOME_RHO_GTPASE_EFFECTORS","REACTOME_RHO_GTPASE_EFFECTORS","2/141","271/7682",0.962300269297723,0.979897022606597,0.939139426700628,"AR/MYH10",2
"REACTOME_SUMOYLATION","REACTOME_SUMOYLATION","1/141","175/7682",0.962354109158397,0.979897022606597,0.939139426700628,"AR",1
"REACTOME_UB_SPECIFIC_PROCESSING_PROTEASES","REACTOME_UB_SPECIFIC_PROCESSING_PROTEASES","1/141","180/7682",0.965760060124776,0.980810866256591,0.940015260162462,"AR",1
"REACTOME_METABOLISM_OF_AMINO_ACIDS_AND_DERIVATIVES","REACTOME_METABOLISM_OF_AMINO_ACIDS_AND_DERIVATIVES","2/141","296/7682",0.974815737682219,0.987442884543388,0.946371427910744,"RIMKLB/DDO",2
"REACTOME_CLASS_I_MHC_MEDIATED_ANTIGEN_PROCESSING_PRESENTATION","REACTOME_CLASS_I_MHC_MEDIATED_ANTIGEN_PROCESSING_PRESENTATION","2/141","334/7682",0.986532401770954,0.994248622217685,0.952894089405023,"TRIM36/CTSS",2
"REACTOME_CHROMATIN_MODIFYING_ENZYMES","REACTOME_CHROMATIN_MODIFYING_ENZYMES","1/141","239/7682",0.988871122091123,0.994248622217685,0.952894089405023,"KDM7A",1
"REACTOME_TRANSCRIPTIONAL_REGULATION_BY_TP53","REACTOME_TRANSCRIPTIONAL_REGULATION_BY_TP53","2/141","347/7682",0.989162951515804,0.994248622217685,0.952894089405023,"BID/RRAGD",2
"REACTOME_ANTIGEN_PROCESSING_UBIQUITINATION_PROTEASOME_DEGRADATION","REACTOME_ANTIGEN_PROCESSING_UBIQUITINATION_PROTEASOME_DEGRADATION","1/141","281/7682",0.995027009549068,0.997367676609693,0.955883410615294,"TRIM36",1
"REACTOME_DNA_REPAIR","REACTOME_DNA_REPAIR","1/141","314/7682",0.997367676609693,0.997367676609693,0.955883410615294,"MGMT",1
